OrderID,ProductID,WarehouseID,RegionCode,EmployeeID,OrderDate,DeliveryDate,Priority,OrderQty,OrderVolume,ProductVolume,Price,OrderValuePotential,OrderDateKey,DeliveryDateKey
OD0001,P004,WH02,R01,E002,2024-01-01,2024-01-12,1,40,3.6,0.09,950000,38000000,20240101,20240112
OD0002,P005,WH05,R03,E005,2024-01-13,2024-01-23,3,87,6.0,0.069,950000,82650000,20240113,20240123
OD0003,P008,WH02,R01,E002,2024-01-08,2024-01-22,3,120,6.96,0.058,750000,90000000,20240108,20240122
OD0004,P014,WH06,R03,E006,2024-01-19,2024-02-02,1,54,3.73,0.069,1300000,70200000,20240119,20240202
OD0005,P004,WH01,R01,E009,2024-01-20,2024-01-25,2,120,10.8,0.09,950000,114000000,20240120,20240125
OD0006,P004,WH01,R01,E001,2024-01-12,2024-01-27,5,76,6.84,0.09,950000,72200000,20240112,20240127
OD0007,P006,WH02,R01,E002,2024-01-01,2024-01-14,5,37,1.52,0.041,800000,29600000,20240101,20240114
OD0008,P007,WH01,R01,E001,2024-01-14,2024-01-24,4,37,1.85,0.05,2100000,77700000,20240114,20240124
OD0009,P015,WH06,R03,E006,2024-01-19,2024-02-01,2,57,3.36,0.059,900000,51300000,20240119,20240201
OD0010,P006,WH06,R03,E006,2024-01-25,2024-01-30,5,100,4.1,0.041,800000,80000000,20240125,20240130
OD0011,P014,WH02,R01,E002,2024-01-08,2024-01-17,1,37,2.55,0.069,1300000,48100000,20240108,20240117
OD0012,P011,WH01,R01,E001,2024-01-25,2024-01-30,1,74,9.25,0.125,1900000,140600000,20240125,20240130
OD0013,P008,WH02,R01,E002,2024-01-07,2024-01-14,1,34,1.97,0.058,750000,25500000,20240107,20240114
OD0014,P008,WH01,R01,E009,2024-01-19,2024-01-29,5,50,2.9,0.058,750000,37500000,20240119,20240129
OD0015,P011,WH05,R03,E010,2024-01-15,2024-01-24,2,64,8.0,0.125,1900000,121600000,20240115,20240124
OD0016,P004,WH06,R03,E006,2024-01-22,2024-02-05,4,32,2.88,0.09,950000,30400000,20240122,20240205
OD0017,P011,WH08,R05,E008,2024-01-16,2024-01-27,5,102,12.75,0.125,1900000,193800000,20240116,20240127
OD0018,P013,WH01,R01,E009,2024-01-06,2024-01-19,4,41,2.91,0.071,850000,34850000,20240106,20240119
OD0019,P006,WH08,R05,E008,2024-01-10,2024-01-24,1,67,2.75,0.041,800000,53600000,20240110,20240124
OD0020,P012,WH03,R02,E003,2024-01-08,2024-01-19,5,113,14.01,0.124,1050000,118650000,20240108,20240119
OD0021,P006,WH06,R03,E006,2024-02-21,2024-02-26,4,26,1.07,0.041,800000,20800000,20240221,20240226
OD0022,P014,WH07,R04,E007,2024-02-06,2024-02-16,1,88,6.07,0.069,1300000,114400000,20240206,20240216
OD0023,P016,WH03,R02,E003,2024-02-15,2024-03-01,1,42,7.77,0.185,5800000,243600000,20240215,20240301
OD0024,P007,WH07,R04,E007,2024-02-18,2024-03-04,4,22,1.1,0.05,2100000,46200000,20240218,20240304
OD0025,P015,WH05,R03,E010,2024-02-22,2024-03-04,4,45,2.65,0.059,900000,40500000,20240222,20240304
OD0026,P008,WH08,R05,E008,2024-02-16,2024-03-01,2,26,1.51,0.058,750000,19500000,20240216,20240301
OD0027,P008,WH01,R01,E009,2024-02-05,2024-02-12,5,64,3.71,0.058,750000,48000000,20240205,20240212
OD0028,P013,WH07,R04,E007,2024-02-05,2024-02-18,4,38,2.7,0.071,850000,32300000,20240205,20240218
OD0029,P014,WH08,R05,E008,2024-02-04,2024-02-15,5,101,6.97,0.069,1300000,131300000,20240204,20240215
OD0030,P003,WH08,R05,E008,2024-02-23,2024-02-28,2,69,7.8,0.113,1650000,113850000,20240223,20240228
OD0031,P013,WH07,R04,E007,2024-02-23,2024-02-28,4,81,5.75,0.071,850000,68850000,20240223,20240228
OD0032,P016,WH03,R02,E003,2024-02-06,2024-02-14,1,115,21.27,0.185,5800000,667000000,20240206,20240214
OD0033,P005,WH02,R01,E002,2024-02-18,2024-03-02,5,84,5.8,0.069,950000,79800000,20240218,20240302
OD0034,P001,WH07,R04,E007,2024-02-23,2024-03-07,5,90,8.64,0.096,1250000,112500000,20240223,20240307
OD0035,P012,WH06,R03,E006,2024-02-20,2024-03-03,2,75,9.3,0.124,1050000,78750000,20240220,20240303
OD0036,P007,WH04,R02,E004,2024-02-02,2024-02-17,1,93,4.65,0.05,2100000,195300000,20240202,20240217
OD0037,P013,WH06,R03,E006,2024-02-05,2024-02-16,5,103,7.31,0.071,850000,87550000,20240205,20240216
OD0038,P005,WH05,R03,E005,2024-02-24,2024-03-09,5,27,1.86,0.069,950000,25650000,20240224,20240309
OD0039,P007,WH01,R01,E009,2024-02-25,2024-03-06,1,107,5.35,0.05,2100000,224700000,20240225,20240306
OD0040,P008,WH06,R03,E006,2024-02-07,2024-02-22,4,68,3.94,0.058,750000,51000000,20240207,20240222
OD0041,P008,WH03,R02,E003,2024-02-28,2024-03-10,5,111,6.44,0.058,750000,83250000,20240228,20240310
OD0042,P013,WH01,R01,E001,2024-02-15,2024-02-21,5,105,7.45,0.071,850000,89250000,20240215,20240221
OD0043,P002,WH06,R03,E006,2024-03-18,2024-03-25,2,216,22.03,0.102,1050000,226800000,20240318,20240325
OD0044,P011,WH05,R03,E010,2024-03-23,2024-04-03,4,208,26.0,0.125,1900000,395200000,20240323,20240403
OD0045,P005,WH08,R05,E008,2024-03-25,2024-03-30,5,131,9.04,0.069,950000,124450000,20240325,20240330
OD0046,P015,WH04,R02,E004,2024-03-11,2024-03-26,2,195,11.5,0.059,900000,175500000,20240311,20240326
OD0047,P005,WH03,R02,E003,2024-03-13,2024-03-24,4,122,8.42,0.069,950000,115900000,20240313,20240324
OD0048,P010,WH05,R03,E010,2024-03-02,2024-03-14,1,85,9.61,0.113,3500000,297500000,20240302,20240314
OD0049,P006,WH06,R03,E006,2024-03-17,2024-03-26,5,153,6.27,0.041,800000,122400000,20240317,20240326
OD0050,P015,WH07,R04,E007,2024-03-07,2024-03-22,2,173,10.21,0.059,900000,155700000,20240307,20240322
OD0051,P014,WH02,R01,E002,2024-03-27,2024-04-06,3,189,13.04,0.069,1300000,245700000,20240327,20240406
OD0052,P013,WH01,R01,E001,2024-03-25,2024-04-04,5,106,7.53,0.071,850000,90100000,20240325,20240404
OD0053,P014,WH03,R02,E003,2024-03-19,2024-04-01,3,162,11.18,0.069,1300000,210600000,20240319,20240401
OD0054,P005,WH05,R03,E010,2024-03-04,2024-03-14,1,211,14.56,0.069,950000,200450000,20240304,20240314
OD0055,P013,WH04,R02,E004,2024-03-07,2024-03-22,1,147,10.44,0.071,850000,124950000,20240307,20240322
OD0056,P003,WH06,R03,E006,2024-03-26,2024-04-05,1,198,22.37,0.113,1650000,326700000,20240326,20240405
OD0057,P007,WH03,R02,E003,2024-03-20,2024-03-25,4,62,3.1,0.05,2100000,130200000,20240320,20240325
OD0058,P005,WH01,R01,E001,2024-03-19,2024-03-28,4,208,14.35,0.069,950000,197600000,20240319,20240328
OD0059,P003,WH01,R01,E001,2024-03-13,2024-03-21,1,159,17.97,0.113,1650000,262350000,20240313,20240321
OD0060,P010,WH05,R03,E005,2024-03-28,2024-04-09,1,195,22.04,0.113,3500000,682500000,20240328,20240409
OD0061,P002,WH07,R04,E007,2024-03-17,2024-03-26,5,192,19.58,0.102,1050000,201600000,20240317,20240326
OD0062,P011,WH02,R01,E002,2024-03-06,2024-03-16,4,123,15.38,0.125,1900000,233700000,20240306,20240316
OD0063,P005,WH03,R02,E003,2024-03-15,2024-03-25,3,121,8.35,0.069,950000,114950000,20240315,20240325
OD0064,P013,WH06,R03,E006,2024-03-25,2024-04-09,1,80,5.68,0.071,850000,68000000,20240325,20240409
OD0065,P007,WH08,R05,E008,2024-03-05,2024-03-16,5,153,7.65,0.05,2100000,321300000,20240305,20240316
OD0066,P008,WH02,R01,E002,2024-03-07,2024-03-14,2,107,6.21,0.058,750000,80250000,20240307,20240314
OD0067,P008,WH08,R05,E008,2024-03-19,2024-04-01,4,70,4.06,0.058,750000,52500000,20240319,20240401
OD0068,P011,WH03,R02,E003,2024-03-09,2024-03-21,4,208,26.0,0.125,1900000,395200000,20240309,20240321
OD0069,P003,WH02,R01,E002,2024-03-24,2024-04-04,1,215,24.3,0.113,1650000,354750000,20240324,20240404
OD0070,P012,WH07,R04,E007,2024-03-21,2024-03-31,1,171,21.2,0.124,1050000,179550000,20240321,20240331
OD0071,P006,WH08,R05,E008,2024-03-11,2024-03-23,3,159,6.52,0.041,800000,127200000,20240311,20240323
OD0072,P011,WH06,R03,E006,2024-03-13,2024-03-19,3,183,22.88,0.125,1900000,347700000,20240313,20240319
OD0073,P008,WH03,R02,E003,2024-03-24,2024-04-08,3,111,6.44,0.058,750000,83250000,20240324,20240408
OD0074,P012,WH03,R02,E003,2024-03-06,2024-03-14,4,179,22.2,0.124,1050000,187950000,20240306,20240314
OD0075,P003,WH08,R05,E008,2024-03-01,2024-03-16,4,142,16.05,0.113,1650000,234300000,20240301,20240316
OD0076,P011,WH06,R03,E006,2024-03-14,2024-03-28,4,114,14.25,0.125,1900000,216600000,20240314,20240328
OD0077,P011,WH08,R05,E008,2024-03-20,2024-03-25,5,131,16.38,0.125,1900000,248900000,20240320,20240325
OD0078,P001,WH07,R04,E007,2024-03-22,2024-03-28,5,160,15.36,0.096,1250000,200000000,20240322,20240328
OD0079,P016,WH01,R01,E001,2024-03-14,2024-03-28,4,212,39.22,0.185,5800000,1229600000,20240314,20240328
OD0080,P003,WH04,R02,E004,2024-03-06,2024-03-13,2,170,19.21,0.113,1650000,280500000,20240306,20240313
OD0081,P008,WH06,R03,E006,2024-03-07,2024-03-21,2,168,9.74,0.058,750000,126000000,20240307,20240321
OD0082,P002,WH07,R04,E007,2024-03-17,2024-03-27,3,72,7.34,0.102,1050000,75600000,20240317,20240327
OD0083,P009,WH03,R02,E003,2024-03-22,2024-04-05,2,154,17.25,0.112,2400000,369600000,20240322,20240405
OD0084,P016,WH07,R04,E007,2024-03-16,2024-03-27,5,77,14.24,0.185,5800000,446600000,20240316,20240327
OD0085,P012,WH03,R02,E003,2024-03-14,2024-03-22,1,70,8.68,0.124,1050000,73500000,20240314,20240322
OD0086,P015,WH05,R03,E005,2024-03-18,2024-03-30,1,190,11.21,0.059,900000,171000000,20240318,20240330
OD0087,P014,WH05,R03,E010,2024-03-14,2024-03-19,5,86,5.93,0.069,1300000,111800000,20240314,20240319
OD0088,P014,WH02,R01,E002,2024-03-15,2024-03-24,4,138,9.52,0.069,1300000,179400000,20240315,20240324
OD0089,P011,WH08,R05,E008,2024-03-26,2024-04-10,4,184,23.0,0.125,1900000,349600000,20240326,20240410
OD0090,P013,WH07,R04,E007,2024-03-28,2024-04-08,1,216,15.34,0.071,850000,183600000,20240328,20240408
OD0091,P008,WH01,R01,E001,2024-04-17,2024-04-28,3,137,7.95,0.058,750000,102750000,20240417,20240428
OD0092,P005,WH06,R03,E006,2024-04-15,2024-04-21,3,139,9.59,0.069,950000,132050000,20240415,20240421
OD0093,P011,WH01,R01,E009,2024-04-05,2024-04-20,1,186,23.25,0.125,1900000,353400000,20240405,20240420
OD0094,P011,WH05,R03,E005,2024-04-24,2024-05-08,5,191,23.88,0.125,1900000,362900000,20240424,20240508
OD0095,P005,WH04,R02,E004,2024-04-17,2024-04-29,4,192,13.25,0.069,950000,182400000,20240417,20240429
OD0096,P016,WH05,R03,E005,2024-04-15,2024-04-27,4,124,22.94,0.185,5800000,719200000,20240415,20240427
OD0097,P005,WH06,R03,E006,2024-04-07,2024-04-18,3,203,14.01,0.069,950000,192850000,20240407,20240418
OD0098,P005,WH07,R04,E007,2024-04-23,2024-05-01,5,104,7.18,0.069,950000,98800000,20240423,20240501
OD0099,P004,WH05,R03,E010,2024-04-12,2024-04-23,5,158,14.22,0.09,950000,150100000,20240412,20240423
OD0100,P004,WH08,R05,E008,2024-04-19,2024-04-29,4,84,7.56,0.09,950000,79800000,20240419,20240429
OD0101,P004,WH08,R05,E008,2024-04-12,2024-04-19,1,138,12.42,0.09,950000,131100000,20240412,20240419
OD0102,P003,WH06,R03,E006,2024-04-07,2024-04-22,2,147,16.61,0.113,1650000,242550000,20240407,20240422
OD0103,P009,WH02,R01,E002,2024-04-19,2024-04-30,2,187,20.94,0.112,2400000,448800000,20240419,20240430
OD0104,P002,WH01,R01,E009,2024-04-20,2024-04-28,1,72,7.34,0.102,1050000,75600000,20240420,20240428
OD0105,P002,WH03,R02,E003,2024-04-20,2024-05-04,5,105,10.71,0.102,1050000,110250000,20240420,20240504
OD0106,P012,WH06,R03,E006,2024-04-27,2024-05-08,5,165,20.46,0.124,1050000,173250000,20240427,20240508
OD0107,P005,WH07,R04,E007,2024-04-12,2024-04-25,3,112,7.73,0.069,950000,106400000,20240412,20240425
OD0108,P004,WH08,R05,E008,2024-04-23,2024-04-29,5,169,15.21,0.09,950000,160550000,20240423,20240429
OD0109,P005,WH01,R01,E009,2024-04-18,2024-04-28,2,183,12.63,0.069,950000,173850000,20240418,20240428
OD0110,P012,WH08,R05,E008,2024-04-21,2024-04-28,4,97,12.03,0.124,1050000,101850000,20240421,20240428
OD0111,P014,WH01,R01,E009,2024-04-16,2024-04-28,3,70,4.83,0.069,1300000,91000000,20240416,20240428
OD0112,P016,WH06,R03,E006,2024-04-15,2024-04-28,5,147,27.2,0.185,5800000,852600000,20240415,20240428
OD0113,P006,WH05,R03,E010,2024-04-11,2024-04-19,3,123,5.04,0.041,800000,98400000,20240411,20240419
OD0114,P002,WH03,R02,E003,2024-04-01,2024-04-12,2,102,10.4,0.102,1050000,107100000,20240401,20240412
OD0115,P016,WH04,R02,E004,2024-04-08,2024-04-21,5,105,19.43,0.185,5800000,609000000,20240408,20240421
OD0116,P014,WH03,R02,E003,2024-04-17,2024-04-22,3,67,4.62,0.069,1300000,87100000,20240417,20240422
OD0117,P007,WH08,R05,E008,2024-04-15,2024-04-28,3,64,3.2,0.05,2100000,134400000,20240415,20240428
OD0118,P003,WH04,R02,E004,2024-04-11,2024-04-20,3,148,16.72,0.113,1650000,244200000,20240411,20240420
OD0119,P015,WH03,R02,E003,2024-04-07,2024-04-21,5,163,9.62,0.059,900000,146700000,20240407,20240421
OD0120,P012,WH05,R03,E005,2024-04-24,2024-05-03,5,193,23.93,0.124,1050000,202650000,20240424,20240503
OD0121,P001,WH08,R05,E008,2024-04-11,2024-04-16,2,95,9.12,0.096,1250000,118750000,20240411,20240416
OD0122,P016,WH01,R01,E009,2024-04-04,2024-04-15,1,209,38.66,0.185,5800000,1212200000,20240404,20240415
OD0123,P007,WH04,R02,E004,2024-04-03,2024-04-16,5,78,3.9,0.05,2100000,163800000,20240403,20240416
OD0124,P011,WH05,R03,E005,2024-04-21,2024-05-06,4,130,16.25,0.125,1900000,247000000,20240421,20240506
OD0125,P014,WH08,R05,E008,2024-04-09,2024-04-18,2,208,14.35,0.069,1300000,270400000,20240409,20240418
OD0126,P003,WH01,R01,E009,2024-04-04,2024-04-14,1,159,17.97,0.113,1650000,262350000,20240404,20240414
OD0127,P007,WH05,R03,E005,2024-04-18,2024-04-27,5,192,9.6,0.05,2100000,403200000,20240418,20240427
OD0128,P006,WH01,R01,E001,2024-04-28,2024-05-13,5,199,8.16,0.041,800000,159200000,20240428,20240513
OD0129,P003,WH06,R03,E006,2024-04-26,2024-05-05,1,160,18.08,0.113,1650000,264000000,20240426,20240505
OD0130,P007,WH07,R04,E007,2024-04-05,2024-04-10,1,220,11.0,0.05,2100000,462000000,20240405,20240410
OD0131,P013,WH03,R02,E003,2024-04-06,2024-04-18,5,160,11.36,0.071,850000,136000000,20240406,20240418
OD0132,P010,WH03,R02,E003,2024-04-19,2024-05-04,3,154,17.4,0.113,3500000,539000000,20240419,20240504
OD0133,P010,WH02,R01,E002,2024-04-14,2024-04-20,3,125,14.12,0.113,3500000,437500000,20240414,20240420
OD0134,P015,WH08,R05,E008,2024-04-23,2024-04-30,1,97,5.72,0.059,900000,87300000,20240423,20240430
OD0135,P001,WH03,R02,E003,2024-04-07,2024-04-21,5,179,17.18,0.096,1250000,223750000,20240407,20240421
OD0136,P009,WH01,R01,E009,2024-04-03,2024-04-09,1,197,22.06,0.112,2400000,472800000,20240403,20240409
OD0137,P009,WH03,R02,E003,2024-04-27,2024-05-06,4,72,8.06,0.112,2400000,172800000,20240427,20240506
OD0138,P008,WH03,R02,E003,2024-04-18,2024-05-02,2,69,4.0,0.058,750000,51750000,20240418,20240502
OD0139,P002,WH01,R01,E009,2024-04-03,2024-04-16,1,116,11.83,0.102,1050000,121800000,20240403,20240416
OD0140,P002,WH07,R04,E007,2024-04-17,2024-04-29,5,162,16.52,0.102,1050000,170100000,20240417,20240429
OD0141,P005,WH07,R04,E007,2024-04-02,2024-04-08,3,71,4.9,0.069,950000,67450000,20240402,20240408
OD0142,P009,WH07,R04,E007,2024-04-27,2024-05-04,5,80,8.96,0.112,2400000,192000000,20240427,20240504
OD0143,P012,WH05,R03,E005,2024-04-22,2024-05-03,5,198,24.55,0.124,1050000,207900000,20240422,20240503
OD0144,P013,WH06,R03,E006,2024-04-09,2024-04-19,1,193,13.7,0.071,850000,164050000,20240409,20240419
OD0145,P014,WH06,R03,E006,2024-04-21,2024-05-06,4,169,11.66,0.069,1300000,219700000,20240421,20240506
OD0146,P006,WH01,R01,E009,2024-05-02,2024-05-17,2,216,8.86,0.041,800000,172800000,20240502,20240517
OD0147,P002,WH05,R03,E005,2024-05-02,2024-05-11,3,156,15.91,0.102,1050000,163800000,20240502,20240511
OD0148,P009,WH03,R02,E003,2024-05-16,2024-05-24,2,156,17.47,0.112,2400000,374400000,20240516,20240524
OD0149,P011,WH06,R03,E006,2024-05-16,2024-05-22,2,182,22.75,0.125,1900000,345800000,20240516,20240522
OD0150,P015,WH04,R02,E004,2024-05-12,2024-05-27,2,207,12.21,0.059,900000,186300000,20240512,20240527
OD0151,P013,WH08,R05,E008,2024-05-23,2024-05-31,5,139,9.87,0.071,850000,118150000,20240523,20240531
OD0152,P001,WH08,R05,E008,2024-05-15,2024-05-29,2,160,15.36,0.096,1250000,200000000,20240515,20240529
OD0153,P009,WH01,R01,E001,2024-05-17,2024-06-01,1,191,21.39,0.112,2400000,458400000,20240517,20240601
OD0154,P008,WH01,R01,E001,2024-05-13,2024-05-27,3,88,5.1,0.058,750000,66000000,20240513,20240527
OD0155,P015,WH04,R02,E004,2024-05-07,2024-05-15,3,162,9.56,0.059,900000,145800000,20240507,20240515
OD0156,P001,WH05,R03,E005,2024-05-11,2024-05-18,4,101,9.7,0.096,1250000,126250000,20240511,20240518
OD0157,P013,WH04,R02,E004,2024-05-28,2024-06-08,4,197,13.99,0.071,850000,167450000,20240528,20240608
OD0158,P007,WH04,R02,E004,2024-05-13,2024-05-20,4,208,10.4,0.05,2100000,436800000,20240513,20240520
OD0159,P012,WH03,R02,E003,2024-05-01,2024-05-08,4,184,22.82,0.124,1050000,193200000,20240501,20240508
OD0160,P011,WH02,R01,E002,2024-05-02,2024-05-09,2,220,27.5,0.125,1900000,418000000,20240502,20240509
OD0161,P006,WH01,R01,E001,2024-05-20,2024-05-25,5,131,5.37,0.041,800000,104800000,20240520,20240525
OD0162,P008,WH07,R04,E007,2024-05-23,2024-06-07,1,133,7.71,0.058,750000,99750000,20240523,20240607
OD0163,P003,WH01,R01,E009,2024-05-25,2024-06-03,1,168,18.98,0.113,1650000,277200000,20240525,20240603
OD0164,P012,WH01,R01,E009,2024-05-07,2024-05-21,4,150,18.6,0.124,1050000,157500000,20240507,20240521
OD0165,P003,WH03,R02,E003,2024-05-20,2024-06-01,2,89,10.06,0.113,1650000,146850000,20240520,20240601
OD0166,P004,WH05,R03,E005,2024-05-23,2024-06-06,2,121,10.89,0.09,950000,114950000,20240523,20240606
OD0167,P011,WH07,R04,E007,2024-05-27,2024-06-07,3,101,12.62,0.125,1900000,191900000,20240527,20240607
OD0168,P004,WH07,R04,E007,2024-05-08,2024-05-22,4,109,9.81,0.09,950000,103550000,20240508,20240522
OD0169,P001,WH04,R02,E004,2024-05-27,2024-06-06,4,207,19.87,0.096,1250000,258750000,20240527,20240606
OD0170,P008,WH04,R02,E004,2024-05-06,2024-05-17,4,126,7.31,0.058,750000,94500000,20240506,20240517
OD0171,P006,WH04,R02,E004,2024-05-28,2024-06-11,4,189,7.75,0.041,800000,151200000,20240528,20240611
OD0172,P015,WH01,R01,E009,2024-05-04,2024-05-13,4,220,12.98,0.059,900000,198000000,20240504,20240513
OD0173,P014,WH07,R04,E007,2024-05-01,2024-05-11,1,130,8.97,0.069,1300000,169000000,20240501,20240511
OD0174,P010,WH08,R05,E008,2024-05-13,2024-05-27,3,192,21.7,0.113,3500000,672000000,20240513,20240527
OD0175,P006,WH08,R05,E008,2024-05-10,2024-05-21,4,173,7.09,0.041,800000,138400000,20240510,20240521
OD0176,P008,WH08,R05,E008,2024-05-18,2024-05-27,2,90,5.22,0.058,750000,67500000,20240518,20240527
OD0177,P002,WH05,R03,E005,2024-05-07,2024-05-19,5,133,13.57,0.102,1050000,139650000,20240507,20240519
OD0178,P003,WH06,R03,E006,2024-05-18,2024-05-28,1,81,9.15,0.113,1650000,133650000,20240518,20240528
OD0179,P012,WH03,R02,E003,2024-05-28,2024-06-10,1,127,15.75,0.124,1050000,133350000,20240528,20240610
OD0180,P002,WH06,R03,E006,2024-05-18,2024-05-25,1,116,11.83,0.102,1050000,121800000,20240518,20240525
OD0181,P011,WH07,R04,E007,2024-05-25,2024-05-30,3,166,20.75,0.125,1900000,315400000,20240525,20240530
OD0182,P016,WH03,R02,E003,2024-05-05,2024-05-18,5,167,30.89,0.185,5800000,968600000,20240505,20240518
OD0183,P014,WH05,R03,E005,2024-05-19,2024-06-01,1,198,13.66,0.069,1300000,257400000,20240519,20240601
OD0184,P014,WH07,R04,E007,2024-05-03,2024-05-11,5,85,5.87,0.069,1300000,110500000,20240503,20240511
OD0185,P004,WH08,R05,E008,2024-05-04,2024-05-19,3,65,5.85,0.09,950000,61750000,20240504,20240519
OD0186,P003,WH01,R01,E001,2024-05-23,2024-05-28,5,173,19.55,0.113,1650000,285450000,20240523,20240528
OD0187,P013,WH04,R02,E004,2024-05-26,2024-06-10,4,69,4.9,0.071,850000,58650000,20240526,20240610
OD0188,P010,WH07,R04,E007,2024-05-18,2024-05-31,3,161,18.19,0.113,3500000,563500000,20240518,20240531
OD0189,P009,WH04,R02,E004,2024-05-19,2024-06-02,5,172,19.26,0.112,2400000,412800000,20240519,20240602
OD0190,P015,WH03,R02,E003,2024-05-23,2024-05-30,4,183,10.8,0.059,900000,164700000,20240523,20240530
OD0191,P012,WH06,R03,E006,2024-05-10,2024-05-25,4,214,26.54,0.124,1050000,224700000,20240510,20240525
OD0192,P006,WH01,R01,E009,2024-05-05,2024-05-17,5,68,2.79,0.041,800000,54400000,20240505,20240517
OD0193,P009,WH01,R01,E001,2024-05-03,2024-05-15,2,72,8.06,0.112,2400000,172800000,20240503,20240515
OD0194,P001,WH01,R01,E009,2024-05-26,2024-06-06,1,113,10.85,0.096,1250000,141250000,20240526,20240606
OD0195,P003,WH05,R03,E010,2024-05-08,2024-05-18,3,151,17.06,0.113,1650000,249150000,20240508,20240518
OD0196,P012,WH07,R04,E007,2024-05-18,2024-05-30,5,146,18.1,0.124,1050000,153300000,20240518,20240530
OD0197,P011,WH01,R01,E001,2024-05-07,2024-05-21,1,175,21.88,0.125,1900000,332500000,20240507,20240521
OD0198,P005,WH08,R05,E008,2024-05-15,2024-05-30,2,188,12.97,0.069,950000,178600000,20240515,20240530
OD0199,P007,WH08,R05,E008,2024-05-02,2024-05-07,5,157,7.85,0.05,2100000,329700000,20240502,20240507
OD0200,P010,WH02,R01,E002,2024-05-24,2024-06-07,1,90,10.17,0.113,3500000,315000000,20240524,20240607
OD0201,P003,WH04,R02,E004,2024-05-11,2024-05-19,4,93,10.51,0.113,1650000,153450000,20240511,20240519
OD0202,P011,WH08,R05,E008,2024-05-15,2024-05-25,3,164,20.5,0.125,1900000,311600000,20240515,20240525
OD0203,P015,WH03,R02,E003,2024-05-21,2024-06-05,5,199,11.74,0.059,900000,179100000,20240521,20240605
OD0204,P008,WH04,R02,E004,2024-05-28,2024-06-12,5,102,5.92,0.058,750000,76500000,20240528,20240612
OD0205,P014,WH05,R03,E005,2024-05-16,2024-05-21,5,164,11.32,0.069,1300000,213200000,20240516,20240521
OD0206,P016,WH02,R01,E002,2024-06-24,2024-07-08,2,177,32.74,0.185,5800000,1026600000,20240624,20240708
OD0207,P013,WH03,R02,E003,2024-06-19,2024-06-24,3,89,6.32,0.071,850000,75650000,20240619,20240624
OD0208,P010,WH06,R03,E006,2024-06-02,2024-06-16,4,91,10.28,0.113,3500000,318500000,20240602,20240616
OD0209,P014,WH02,R01,E002,2024-06-20,2024-06-29,1,84,5.8,0.069,1300000,109200000,20240620,20240629
OD0210,P016,WH06,R03,E006,2024-06-02,2024-06-17,3,99,18.32,0.185,5800000,574200000,20240602,20240617
OD0211,P015,WH04,R02,E004,2024-06-28,2024-07-04,3,145,8.55,0.059,900000,130500000,20240628,20240704
OD0212,P012,WH04,R02,E004,2024-06-11,2024-06-22,4,165,20.46,0.124,1050000,173250000,20240611,20240622
OD0213,P002,WH08,R05,E008,2024-06-20,2024-06-30,1,154,15.71,0.102,1050000,161700000,20240620,20240630
OD0214,P003,WH06,R03,E006,2024-06-05,2024-06-12,1,105,11.87,0.113,1650000,173250000,20240605,20240612
OD0215,P003,WH04,R02,E004,2024-06-21,2024-06-26,3,121,13.67,0.113,1650000,199650000,20240621,20240626
OD0216,P008,WH02,R01,E002,2024-06-18,2024-06-23,4,65,3.77,0.058,750000,48750000,20240618,20240623
OD0217,P002,WH06,R03,E006,2024-06-15,2024-06-26,5,179,18.26,0.102,1050000,187950000,20240615,20240626
OD0218,P008,WH06,R03,E006,2024-06-05,2024-06-12,3,169,9.8,0.058,750000,126750000,20240605,20240612
OD0219,P001,WH01,R01,E001,2024-06-20,2024-07-01,5,160,15.36,0.096,1250000,200000000,20240620,20240701
OD0220,P001,WH05,R03,E005,2024-06-28,2024-07-13,3,154,14.78,0.096,1250000,192500000,20240628,20240713
OD0221,P009,WH02,R01,E002,2024-06-07,2024-06-15,1,173,19.38,0.112,2400000,415200000,20240607,20240615
OD0222,P013,WH02,R01,E002,2024-06-25,2024-07-08,1,87,6.18,0.071,850000,73950000,20240625,20240708
OD0223,P009,WH08,R05,E008,2024-06-07,2024-06-19,1,63,7.06,0.112,2400000,151200000,20240607,20240619
OD0224,P012,WH05,R03,E005,2024-06-12,2024-06-25,2,171,21.2,0.124,1050000,179550000,20240612,20240625
OD0225,P014,WH03,R02,E003,2024-06-16,2024-06-24,5,97,6.69,0.069,1300000,126100000,20240616,20240624
OD0226,P008,WH07,R04,E007,2024-06-20,2024-06-27,5,70,4.06,0.058,750000,52500000,20240620,20240627
OD0227,P001,WH02,R01,E002,2024-06-12,2024-06-22,3,146,14.02,0.096,1250000,182500000,20240612,20240622
OD0228,P015,WH07,R04,E007,2024-06-27,2024-07-09,3,57,3.36,0.059,900000,51300000,20240627,20240709
OD0229,P010,WH04,R02,E004,2024-06-01,2024-06-11,5,101,11.41,0.113,3500000,353500000,20240601,20240611
OD0230,P002,WH05,R03,E010,2024-06-25,2024-07-05,3,60,6.12,0.102,1050000,63000000,20240625,20240705
OD0231,P008,WH06,R03,E006,2024-06-19,2024-06-25,1,135,7.83,0.058,750000,101250000,20240619,20240625
OD0232,P011,WH08,R05,E008,2024-06-22,2024-07-01,4,74,9.25,0.125,1900000,140600000,20240622,20240701
OD0233,P012,WH08,R05,E008,2024-06-26,2024-07-08,5,127,15.75,0.124,1050000,133350000,20240626,20240708
OD0234,P016,WH06,R03,E006,2024-06-11,2024-06-26,2,74,13.69,0.185,5800000,429200000,20240611,20240626
OD0235,P004,WH04,R02,E004,2024-06-06,2024-06-21,2,72,6.48,0.09,950000,68400000,20240606,20240621
OD0236,P012,WH05,R03,E010,2024-06-01,2024-06-14,2,53,6.57,0.124,1050000,55650000,20240601,20240614
OD0237,P009,WH07,R04,E007,2024-06-02,2024-06-09,5,85,9.52,0.112,2400000,204000000,20240602,20240609
OD0238,P014,WH01,R01,E009,2024-06-04,2024-06-10,2,92,6.35,0.069,1300000,119600000,20240604,20240610
OD0239,P011,WH05,R03,E005,2024-06-19,2024-06-24,3,98,12.25,0.125,1900000,186200000,20240619,20240624
OD0240,P007,WH04,R02,E004,2024-06-22,2024-06-27,4,180,9.0,0.05,2100000,378000000,20240622,20240627
OD0241,P012,WH07,R04,E007,2024-06-28,2024-07-09,3,173,21.45,0.124,1050000,181650000,20240628,20240709
OD0242,P009,WH02,R01,E002,2024-06-11,2024-06-18,1,110,12.32,0.112,2400000,264000000,20240611,20240618
OD0243,P002,WH03,R02,E003,2024-06-03,2024-06-17,2,110,11.22,0.102,1050000,115500000,20240603,20240617
OD0244,P013,WH04,R02,E004,2024-06-18,2024-07-01,2,160,11.36,0.071,850000,136000000,20240618,20240701
OD0245,P015,WH07,R04,E007,2024-06-28,2024-07-07,3,99,5.84,0.059,900000,89100000,20240628,20240707
OD0246,P001,WH08,R05,E008,2024-06-04,2024-06-14,3,178,17.09,0.096,1250000,222500000,20240604,20240614
OD0247,P004,WH04,R02,E004,2024-06-08,2024-06-13,4,126,11.34,0.09,950000,119700000,20240608,20240613
OD0248,P002,WH04,R02,E004,2024-06-21,2024-07-01,2,175,17.85,0.102,1050000,183750000,20240621,20240701
OD0249,P009,WH03,R02,E003,2024-06-10,2024-06-23,5,69,7.73,0.112,2400000,165600000,20240610,20240623
OD0250,P004,WH05,R03,E005,2024-06-19,2024-06-27,1,62,5.58,0.09,950000,58900000,20240619,20240627
OD0251,P016,WH06,R03,E006,2024-07-15,2024-07-27,3,93,17.2,0.185,5800000,539400000,20240715,20240727
OD0252,P009,WH07,R04,E007,2024-07-19,2024-08-02,5,172,19.26,0.112,2400000,412800000,20240719,20240802
OD0253,P004,WH07,R04,E007,2024-07-07,2024-07-18,2,78,7.02,0.09,950000,74100000,20240707,20240718
OD0254,P005,WH04,R02,E004,2024-07-13,2024-07-22,3,97,6.69,0.069,950000,92150000,20240713,20240722
OD0255,P015,WH03,R02,E003,2024-07-25,2024-07-31,3,179,10.56,0.059,900000,161100000,20240725,20240731
OD0256,P012,WH01,R01,E009,2024-07-10,2024-07-25,2,83,10.29,0.124,1050000,87150000,20240710,20240725
OD0257,P006,WH03,R02,E003,2024-07-18,2024-07-31,2,108,4.43,0.041,800000,86400000,20240718,20240731
OD0258,P012,WH04,R02,E004,2024-07-19,2024-08-01,3,145,17.98,0.124,1050000,152250000,20240719,20240801
OD0259,P003,WH08,R05,E008,2024-07-07,2024-07-13,1,133,15.03,0.113,1650000,219450000,20240707,20240713
OD0260,P012,WH06,R03,E006,2024-07-05,2024-07-10,5,144,17.86,0.124,1050000,151200000,20240705,20240710
OD0261,P011,WH03,R02,E003,2024-07-15,2024-07-21,1,116,14.5,0.125,1900000,220400000,20240715,20240721
OD0262,P014,WH03,R02,E003,2024-07-14,2024-07-28,5,158,10.9,0.069,1300000,205400000,20240714,20240728
OD0263,P004,WH08,R05,E008,2024-07-09,2024-07-22,3,160,14.4,0.09,950000,152000000,20240709,20240722
OD0264,P011,WH01,R01,E009,2024-07-24,2024-07-30,1,82,10.25,0.125,1900000,155800000,20240724,20240730
OD0265,P009,WH07,R04,E007,2024-07-07,2024-07-15,3,82,9.18,0.112,2400000,196800000,20240707,20240715
OD0266,P003,WH06,R03,E006,2024-07-11,2024-07-19,4,135,15.26,0.113,1650000,222750000,20240711,20240719
OD0267,P006,WH07,R04,E007,2024-07-14,2024-07-23,5,180,7.38,0.041,800000,144000000,20240714,20240723
OD0268,P006,WH03,R02,E003,2024-07-11,2024-07-18,3,56,2.3,0.041,800000,44800000,20240711,20240718
OD0269,P010,WH06,R03,E006,2024-07-13,2024-07-25,4,108,12.2,0.113,3500000,378000000,20240713,20240725
OD0270,P016,WH05,R03,E005,2024-07-22,2024-08-04,2,138,25.53,0.185,5800000,800400000,20240722,20240804
OD0271,P015,WH05,R03,E005,2024-07-09,2024-07-16,5,171,10.09,0.059,900000,153900000,20240709,20240716
OD0272,P006,WH05,R03,E005,2024-07-03,2024-07-17,1,87,3.57,0.041,800000,69600000,20240703,20240717
OD0273,P008,WH03,R02,E003,2024-07-09,2024-07-14,1,175,10.15,0.058,750000,131250000,20240709,20240714
OD0274,P007,WH01,R01,E009,2024-07-01,2024-07-09,2,155,7.75,0.05,2100000,325500000,20240701,20240709
OD0275,P014,WH01,R01,E009,2024-07-19,2024-07-26,2,116,8.0,0.069,1300000,150800000,20240719,20240726
OD0276,P015,WH07,R04,E007,2024-07-28,2024-08-08,4,152,8.97,0.059,900000,136800000,20240728,20240808
OD0277,P008,WH01,R01,E001,2024-07-07,2024-07-16,3,70,4.06,0.058,750000,52500000,20240707,20240716
OD0278,P001,WH08,R05,E008,2024-07-22,2024-07-27,4,64,6.14,0.096,1250000,80000000,20240722,20240727
OD0279,P007,WH05,R03,E005,2024-07-24,2024-08-03,4,128,6.4,0.05,2100000,268800000,20240724,20240803
OD0280,P015,WH08,R05,E008,2024-07-06,2024-07-21,1,91,5.37,0.059,900000,81900000,20240706,20240721
OD0281,P004,WH05,R03,E010,2024-07-28,2024-08-11,3,111,9.99,0.09,950000,105450000,20240728,20240811
OD0282,P015,WH05,R03,E005,2024-07-25,2024-08-03,4,141,8.32,0.059,900000,126900000,20240725,20240803
OD0283,P015,WH05,R03,E005,2024-07-14,2024-07-29,5,118,6.96,0.059,900000,106200000,20240714,20240729
OD0284,P013,WH05,R03,E010,2024-07-04,2024-07-15,3,106,7.53,0.071,850000,90100000,20240704,20240715
OD0285,P015,WH06,R03,E006,2024-07-08,2024-07-16,4,126,7.43,0.059,900000,113400000,20240708,20240716
OD0286,P010,WH07,R04,E007,2024-07-14,2024-07-22,3,62,7.01,0.113,3500000,217000000,20240714,20240722
OD0287,P007,WH06,R03,E006,2024-07-24,2024-08-04,3,95,4.75,0.05,2100000,199500000,20240724,20240804
OD0288,P006,WH03,R02,E003,2024-07-14,2024-07-25,1,66,2.71,0.041,800000,52800000,20240714,20240725
OD0289,P004,WH06,R03,E006,2024-07-28,2024-08-02,3,90,8.1,0.09,950000,85500000,20240728,20240802
OD0290,P002,WH06,R03,E006,2024-07-26,2024-08-01,2,54,5.51,0.102,1050000,56700000,20240726,20240801
OD0291,P008,WH01,R01,E009,2024-07-27,2024-08-04,5,113,6.55,0.058,750000,84750000,20240727,20240804
OD0292,P015,WH06,R03,E006,2024-07-28,2024-08-12,5,89,5.25,0.059,900000,80100000,20240728,20240812
OD0293,P009,WH04,R02,E004,2024-07-18,2024-08-02,1,101,11.31,0.112,2400000,242400000,20240718,20240802
OD0294,P006,WH01,R01,E001,2024-07-14,2024-07-23,3,173,7.09,0.041,800000,138400000,20240714,20240723
OD0295,P006,WH07,R04,E007,2024-07-24,2024-08-06,5,95,3.9,0.041,800000,76000000,20240724,20240806
OD0296,P006,WH04,R02,E004,2024-07-24,2024-08-05,1,117,4.8,0.041,800000,93600000,20240724,20240805
OD0297,P012,WH03,R02,E003,2024-07-08,2024-07-17,4,53,6.57,0.124,1050000,55650000,20240708,20240717
OD0298,P004,WH06,R03,E006,2024-07-01,2024-07-13,2,70,6.3,0.09,950000,66500000,20240701,20240713
OD0299,P007,WH08,R05,E008,2024-08-08,2024-08-18,2,61,3.05,0.05,2100000,128100000,20240808,20240818
OD0300,P014,WH03,R02,E003,2024-08-05,2024-08-15,5,31,2.14,0.069,1300000,40300000,20240805,20240815
OD0301,P010,WH03,R02,E003,2024-08-15,2024-08-28,1,49,5.54,0.113,3500000,171500000,20240815,20240828
OD0302,P005,WH06,R03,E006,2024-08-13,2024-08-27,2,36,2.48,0.069,950000,34200000,20240813,20240827
OD0303,P016,WH05,R03,E010,2024-08-24,2024-09-07,1,60,11.1,0.185,5800000,348000000,20240824,20240907
OD0304,P016,WH02,R01,E002,2024-08-27,2024-09-08,2,100,18.5,0.185,5800000,580000000,20240827,20240908
OD0305,P007,WH01,R01,E001,2024-08-19,2024-08-31,4,22,1.1,0.05,2100000,46200000,20240819,20240831
OD0306,P003,WH03,R02,E003,2024-08-10,2024-08-24,2,105,11.87,0.113,1650000,173250000,20240810,20240824
OD0307,P005,WH02,R01,E002,2024-08-08,2024-08-22,1,61,4.21,0.069,950000,57950000,20240808,20240822
OD0308,P001,WH07,R04,E007,2024-08-18,2024-08-24,5,28,2.69,0.096,1250000,35000000,20240818,20240824
OD0309,P010,WH04,R02,E004,2024-08-26,2024-09-07,2,109,12.32,0.113,3500000,381500000,20240826,20240907
OD0310,P015,WH03,R02,E003,2024-08-07,2024-08-21,5,29,1.71,0.059,900000,26100000,20240807,20240821
OD0311,P001,WH01,R01,E009,2024-08-24,2024-09-05,4,37,3.55,0.096,1250000,46250000,20240824,20240905
OD0312,P006,WH03,R02,E003,2024-08-11,2024-08-18,5,105,4.31,0.041,800000,84000000,20240811,20240818
OD0313,P014,WH03,R02,E003,2024-08-22,2024-08-28,4,110,7.59,0.069,1300000,143000000,20240822,20240828
OD0314,P008,WH03,R02,E003,2024-08-23,2024-09-05,4,94,5.45,0.058,750000,70500000,20240823,20240905
OD0315,P004,WH01,R01,E001,2024-08-25,2024-09-04,1,31,2.79,0.09,950000,29450000,20240825,20240904
OD0316,P008,WH01,R01,E001,2024-08-21,2024-08-31,5,38,2.2,0.058,750000,28500000,20240821,20240831
OD0317,P006,WH08,R05,E008,2024-08-27,2024-09-02,4,80,3.28,0.041,800000,64000000,20240827,20240902
OD0318,P004,WH02,R01,E002,2024-08-24,2024-08-30,3,55,4.95,0.09,950000,52250000,20240824,20240830
OD0319,P004,WH02,R01,E002,2024-08-17,2024-08-28,5,101,9.09,0.09,950000,95950000,20240817,20240828
OD0320,P005,WH04,R02,E004,2024-08-23,2024-08-29,1,81,5.59,0.069,950000,76950000,20240823,20240829
OD0321,P008,WH04,R02,E004,2024-08-01,2024-08-09,1,101,5.86,0.058,750000,75750000,20240801,20240809
OD0322,P016,WH07,R04,E007,2024-08-24,2024-09-01,2,40,7.4,0.185,5800000,232000000,20240824,20240901
OD0323,P006,WH07,R04,E007,2024-08-18,2024-08-27,5,54,2.21,0.041,800000,43200000,20240818,20240827
OD0324,P010,WH01,R01,E001,2024-08-13,2024-08-19,1,56,6.33,0.113,3500000,196000000,20240813,20240819
OD0325,P002,WH07,R04,E007,2024-08-02,2024-08-12,3,95,9.69,0.102,1050000,99750000,20240802,20240812
OD0326,P015,WH01,R01,E009,2024-08-08,2024-08-15,5,68,4.01,0.059,900000,61200000,20240808,20240815
OD0327,P001,WH02,R01,E002,2024-08-01,2024-08-11,3,53,5.09,0.096,1250000,66250000,20240801,20240811
OD0328,P015,WH02,R01,E002,2024-08-26,2024-09-01,3,66,3.89,0.059,900000,59400000,20240826,20240901
OD0329,P007,WH07,R04,E007,2024-08-02,2024-08-11,3,74,3.7,0.05,2100000,155400000,20240802,20240811
OD0330,P014,WH07,R04,E007,2024-08-10,2024-08-20,5,44,3.04,0.069,1300000,57200000,20240810,20240820
OD0331,P007,WH03,R02,E003,2024-08-26,2024-09-03,2,105,5.25,0.05,2100000,220500000,20240826,20240903
OD0332,P008,WH01,R01,E009,2024-08-04,2024-08-15,2,96,5.57,0.058,750000,72000000,20240804,20240815
OD0333,P012,WH06,R03,E006,2024-08-12,2024-08-20,3,72,8.93,0.124,1050000,75600000,20240812,20240820
OD0334,P014,WH04,R02,E004,2024-09-19,2024-10-04,1,99,6.83,0.069,1300000,128700000,20240919,20241004
OD0335,P004,WH02,R01,E002,2024-09-01,2024-09-12,1,36,3.24,0.09,950000,34200000,20240901,20240912
OD0336,P003,WH08,R05,E008,2024-09-26,2024-10-08,3,114,12.88,0.113,1650000,188100000,20240926,20241008
OD0337,P006,WH07,R04,E007,2024-09-25,2024-10-07,5,47,1.93,0.041,800000,37600000,20240925,20241007
OD0338,P006,WH06,R03,E006,2024-09-17,2024-09-23,3,92,3.77,0.041,800000,73600000,20240917,20240923
OD0339,P007,WH07,R04,E007,2024-09-10,2024-09-25,2,46,2.3,0.05,2100000,96600000,20240910,20240925
OD0340,P007,WH01,R01,E009,2024-09-15,2024-09-25,5,107,5.35,0.05,2100000,224700000,20240915,20240925
OD0341,P013,WH02,R01,E002,2024-09-18,2024-09-29,2,38,2.7,0.071,850000,32300000,20240918,20240929
OD0342,P011,WH08,R05,E008,2024-09-26,2024-10-06,5,20,2.5,0.125,1900000,38000000,20240926,20241006
OD0343,P015,WH08,R05,E008,2024-09-10,2024-09-15,1,89,5.25,0.059,900000,80100000,20240910,20240915
OD0344,P008,WH05,R03,E005,2024-09-18,2024-09-25,5,27,1.57,0.058,750000,20250000,20240918,20240925
OD0345,P003,WH01,R01,E001,2024-09-27,2024-10-02,4,66,7.46,0.113,1650000,108900000,20240927,20241002
OD0346,P002,WH06,R03,E006,2024-09-13,2024-09-24,5,76,7.75,0.102,1050000,79800000,20240913,20240924
OD0347,P005,WH08,R05,E008,2024-09-11,2024-09-20,4,61,4.21,0.069,950000,57950000,20240911,20240920
OD0348,P007,WH08,R05,E008,2024-09-28,2024-10-10,5,103,5.15,0.05,2100000,216300000,20240928,20241010
OD0349,P002,WH02,R01,E002,2024-09-04,2024-09-19,2,118,12.04,0.102,1050000,123900000,20240904,20240919
OD0350,P008,WH03,R02,E003,2024-09-25,2024-10-06,5,116,6.73,0.058,750000,87000000,20240925,20241006
OD0351,P005,WH02,R01,E002,2024-09-15,2024-09-30,1,103,7.11,0.069,950000,97850000,20240915,20240930
OD0352,P011,WH03,R02,E003,2024-09-23,2024-10-05,2,102,12.75,0.125,1900000,193800000,20240923,20241005
OD0353,P015,WH04,R02,E004,2024-09-10,2024-09-23,5,35,2.06,0.059,900000,31500000,20240910,20240923
OD0354,P003,WH07,R04,E007,2024-09-17,2024-09-27,4,49,5.54,0.113,1650000,80850000,20240917,20240927
OD0355,P014,WH07,R04,E007,2024-09-04,2024-09-12,3,37,2.55,0.069,1300000,48100000,20240904,20240912
OD0356,P012,WH02,R01,E002,2024-09-07,2024-09-19,1,75,9.3,0.124,1050000,78750000,20240907,20240919
OD0357,P014,WH01,R01,E001,2024-09-28,2024-10-09,1,32,2.21,0.069,1300000,41600000,20240928,20241009
OD0358,P016,WH01,R01,E001,2024-09-19,2024-10-01,2,57,10.54,0.185,5800000,330600000,20240919,20241001
OD0359,P003,WH05,R03,E010,2024-09-12,2024-09-27,1,23,2.6,0.113,1650000,37950000,20240912,20240927
OD0360,P013,WH07,R04,E007,2024-09-06,2024-09-14,3,88,6.25,0.071,850000,74800000,20240906,20240914
OD0361,P013,WH08,R05,E008,2024-09-13,2024-09-21,5,97,6.89,0.071,850000,82450000,20240913,20240921
OD0362,P015,WH08,R05,E008,2024-09-21,2024-09-29,1,70,4.13,0.059,900000,63000000,20240921,20240929
OD0363,P012,WH06,R03,E006,2024-09-11,2024-09-18,3,60,7.44,0.124,1050000,63000000,20240911,20240918
OD0364,P008,WH07,R04,E007,2024-09-23,2024-09-29,3,47,2.73,0.058,750000,35250000,20240923,20240929
OD0365,P003,WH06,R03,E006,2024-09-02,2024-09-09,1,110,12.43,0.113,1650000,181500000,20240902,20240909
OD0366,P002,WH02,R01,E002,2024-10-26,2024-11-03,4,94,9.59,0.102,1050000,98700000,20241026,20241103
OD0367,P010,WH05,R03,E010,2024-10-21,2024-10-29,5,79,8.93,0.113,3500000,276500000,20241021,20241029
OD0368,P004,WH08,R05,E008,2024-10-17,2024-10-23,4,119,10.71,0.09,950000,113050000,20241017,20241023
OD0369,P010,WH03,R02,E003,2024-10-26,2024-11-09,5,36,4.07,0.113,3500000,126000000,20241026,20241109
OD0370,P001,WH05,R03,E005,2024-10-12,2024-10-22,4,68,6.53,0.096,1250000,85000000,20241012,20241022
OD0371,P001,WH07,R04,E007,2024-10-01,2024-10-15,5,48,4.61,0.096,1250000,60000000,20241001,20241015
OD0372,P004,WH03,R02,E003,2024-10-26,2024-11-03,4,77,6.93,0.09,950000,73150000,20241026,20241103
OD0373,P015,WH07,R04,E007,2024-10-14,2024-10-25,1,39,2.3,0.059,900000,35100000,20241014,20241025
OD0374,P013,WH03,R02,E003,2024-10-03,2024-10-16,1,20,1.42,0.071,850000,17000000,20241003,20241016
OD0375,P009,WH08,R05,E008,2024-10-23,2024-11-04,4,23,2.58,0.112,2400000,55200000,20241023,20241104
OD0376,P010,WH01,R01,E009,2024-10-21,2024-10-30,4,36,4.07,0.113,3500000,126000000,20241021,20241030
OD0377,P014,WH07,R04,E007,2024-10-09,2024-10-14,1,75,5.18,0.069,1300000,97500000,20241009,20241014
OD0378,P007,WH01,R01,E001,2024-10-04,2024-10-14,5,93,4.65,0.05,2100000,195300000,20241004,20241014
OD0379,P009,WH03,R02,E003,2024-10-20,2024-11-04,1,58,6.5,0.112,2400000,139200000,20241020,20241104
OD0380,P006,WH07,R04,E007,2024-10-27,2024-11-03,4,112,4.59,0.041,800000,89600000,20241027,20241103
OD0381,P002,WH01,R01,E001,2024-10-27,2024-11-04,2,46,4.69,0.102,1050000,48300000,20241027,20241104
OD0382,P011,WH04,R02,E004,2024-10-05,2024-10-16,4,112,14.0,0.125,1900000,212800000,20241005,20241016
OD0383,P013,WH01,R01,E001,2024-10-05,2024-10-18,2,76,5.4,0.071,850000,64600000,20241005,20241018
OD0384,P010,WH08,R05,E008,2024-10-06,2024-10-21,5,78,8.81,0.113,3500000,273000000,20241006,20241021
OD0385,P004,WH08,R05,E008,2024-10-16,2024-10-24,2,53,4.77,0.09,950000,50350000,20241016,20241024
OD0386,P015,WH05,R03,E005,2024-10-05,2024-10-13,5,94,5.55,0.059,900000,84600000,20241005,20241013
OD0387,P016,WH01,R01,E009,2024-10-01,2024-10-07,2,79,14.62,0.185,5800000,458200000,20241001,20241007
OD0388,P001,WH01,R01,E001,2024-11-28,2024-12-10,5,85,8.16,0.096,1250000,106250000,20241128,20241210
OD0389,P005,WH06,R03,E006,2024-11-02,2024-11-12,4,183,12.63,0.069,950000,173850000,20241102,20241112
OD0390,P014,WH05,R03,E005,2024-11-14,2024-11-26,3,133,9.18,0.069,1300000,172900000,20241114,20241126
OD0391,P004,WH08,R05,E008,2024-11-28,2024-12-03,2,67,6.03,0.09,950000,63650000,20241128,20241203
OD0392,P008,WH01,R01,E009,2024-11-19,2024-12-01,1,73,4.23,0.058,750000,54750000,20241119,20241201
OD0393,P016,WH05,R03,E005,2024-11-19,2024-12-01,4,187,34.59,0.185,5800000,1084600000,20241119,20241201
OD0394,P014,WH01,R01,E009,2024-11-03,2024-11-12,3,145,10.01,0.069,1300000,188500000,20241103,20241112
OD0395,P014,WH02,R01,E002,2024-11-07,2024-11-19,3,193,13.32,0.069,1300000,250900000,20241107,20241119
OD0396,P013,WH02,R01,E002,2024-11-21,2024-11-26,1,69,4.9,0.071,850000,58650000,20241121,20241126
OD0397,P012,WH07,R04,E007,2024-11-07,2024-11-15,2,102,12.65,0.124,1050000,107100000,20241107,20241115
OD0398,P008,WH01,R01,E009,2024-11-25,2024-12-03,3,182,10.56,0.058,750000,136500000,20241125,20241203
OD0399,P010,WH01,R01,E001,2024-11-20,2024-12-03,1,220,24.86,0.113,3500000,770000000,20241120,20241203
OD0400,P015,WH07,R04,E007,2024-11-09,2024-11-17,1,180,10.62,0.059,900000,162000000,20241109,20241117
OD0401,P012,WH02,R01,E002,2024-11-18,2024-11-29,3,66,8.18,0.124,1050000,69300000,20241118,20241129
OD0402,P015,WH07,R04,E007,2024-11-16,2024-11-24,2,153,9.03,0.059,900000,137700000,20241116,20241124
OD0403,P016,WH07,R04,E007,2024-11-15,2024-11-23,5,197,36.45,0.185,5800000,1142600000,20241115,20241123
OD0404,P005,WH03,R02,E003,2024-11-02,2024-11-13,5,114,7.87,0.069,950000,108300000,20241102,20241113
OD0405,P012,WH01,R01,E001,2024-11-20,2024-12-03,2,110,13.64,0.124,1050000,115500000,20241120,20241203
OD0406,P015,WH06,R03,E006,2024-11-06,2024-11-14,3,151,8.91,0.059,900000,135900000,20241106,20241114
OD0407,P004,WH05,R03,E005,2024-11-18,2024-12-03,3,102,9.18,0.09,950000,96900000,20241118,20241203
OD0408,P010,WH07,R04,E007,2024-11-16,2024-11-27,5,135,15.26,0.113,3500000,472500000,20241116,20241127
OD0409,P010,WH03,R02,E003,2024-11-04,2024-11-18,3,163,18.42,0.113,3500000,570500000,20241104,20241118
OD0410,P011,WH03,R02,E003,2024-11-07,2024-11-21,3,77,9.62,0.125,1900000,146300000,20241107,20241121
OD0411,P004,WH06,R03,E006,2024-11-23,2024-12-06,3,219,19.71,0.09,950000,208050000,20241123,20241206
OD0412,P004,WH03,R02,E003,2024-11-18,2024-12-01,5,158,14.22,0.09,950000,150100000,20241118,20241201
OD0413,P002,WH03,R02,E003,2024-11-17,2024-11-22,2,211,21.52,0.102,1050000,221550000,20241117,20241122
OD0414,P007,WH03,R02,E003,2024-11-03,2024-11-13,2,73,3.65,0.05,2100000,153300000,20241103,20241113
OD0415,P016,WH02,R01,E002,2024-11-04,2024-11-11,2,131,24.23,0.185,5800000,759800000,20241104,20241111
OD0416,P006,WH05,R03,E005,2024-11-24,2024-12-02,3,161,6.6,0.041,800000,128800000,20241124,20241202
OD0417,P002,WH08,R05,E008,2024-11-03,2024-11-18,1,78,7.96,0.102,1050000,81900000,20241103,20241118
OD0418,P016,WH04,R02,E004,2024-11-23,2024-12-06,3,102,18.87,0.185,5800000,591600000,20241123,20241206
OD0419,P006,WH01,R01,E009,2024-11-14,2024-11-20,4,71,2.91,0.041,800000,56800000,20241114,20241120
OD0420,P014,WH03,R02,E003,2024-11-22,2024-12-02,2,166,11.45,0.069,1300000,215800000,20241122,20241202
OD0421,P012,WH05,R03,E005,2024-11-17,2024-12-02,4,176,21.82,0.124,1050000,184800000,20241117,20241202
OD0422,P001,WH04,R02,E004,2024-11-24,2024-12-03,2,61,5.86,0.096,1250000,76250000,20241124,20241203
OD0423,P004,WH05,R03,E005,2024-11-07,2024-11-19,3,122,10.98,0.09,950000,115900000,20241107,20241119
OD0424,P015,WH05,R03,E005,2024-11-24,2024-12-02,1,98,5.78,0.059,900000,88200000,20241124,20241202
OD0425,P003,WH01,R01,E001,2024-11-27,2024-12-07,5,73,8.25,0.113,1650000,120450000,20241127,20241207
OD0426,P007,WH07,R04,E007,2024-12-02,2024-12-13,5,63,3.15,0.05,2100000,132300000,20241202,20241213
OD0427,P011,WH03,R02,E003,2024-12-15,2024-12-20,5,181,22.62,0.125,1900000,343900000,20241215,20241220
OD0428,P002,WH03,R02,E003,2024-12-15,2024-12-25,3,158,16.12,0.102,1050000,165900000,20241215,20241225
OD0429,P013,WH08,R05,E008,2024-12-17,2024-12-29,5,143,10.15,0.071,850000,121550000,20241217,20241229
OD0430,P002,WH05,R03,E005,2024-12-14,2024-12-19,3,81,8.26,0.102,1050000,85050000,20241214,20241219
OD0431,P014,WH03,R02,E003,2024-12-22,2025-01-05,4,170,11.73,0.069,1300000,221000000,20241222,20250105
OD0432,P010,WH01,R01,E009,2024-12-25,2025-01-03,2,117,13.22,0.113,3500000,409500000,20241225,20250103
OD0433,P006,WH05,R03,E005,2024-12-24,2025-01-02,5,220,9.02,0.041,800000,176000000,20241224,20250102
OD0434,P014,WH03,R02,E003,2024-12-28,2025-01-02,1,82,5.66,0.069,1300000,106600000,20241228,20250102
OD0435,P001,WH08,R05,E008,2024-12-26,2025-01-06,3,87,8.35,0.096,1250000,108750000,20241226,20250106
OD0436,P011,WH08,R05,E008,2024-12-12,2024-12-25,5,153,19.12,0.125,1900000,290700000,20241212,20241225
OD0437,P008,WH08,R05,E008,2024-12-03,2024-12-15,2,91,5.28,0.058,750000,68250000,20241203,20241215
OD0438,P009,WH06,R03,E006,2024-12-03,2024-12-09,5,145,16.24,0.112,2400000,348000000,20241203,20241209
OD0439,P004,WH05,R03,E005,2024-12-01,2024-12-09,2,188,16.92,0.09,950000,178600000,20241201,20241209
OD0440,P009,WH07,R04,E007,2024-12-25,2024-12-30,2,97,10.86,0.112,2400000,232800000,20241225,20241230
OD0441,P009,WH06,R03,E006,2024-12-19,2024-12-24,4,73,8.18,0.112,2400000,175200000,20241219,20241224
OD0442,P011,WH04,R02,E004,2024-12-06,2024-12-11,1,118,14.75,0.125,1900000,224200000,20241206,20241211
OD0443,P001,WH07,R04,E007,2024-12-22,2025-01-05,4,155,14.88,0.096,1250000,193750000,20241222,20250105
OD0444,P002,WH01,R01,E009,2024-12-20,2025-01-04,4,145,14.79,0.102,1050000,152250000,20241220,20250104
OD0445,P012,WH06,R03,E006,2024-12-11,2024-12-25,1,196,24.3,0.124,1050000,205800000,20241211,20241225
OD0446,P009,WH05,R03,E010,2024-12-03,2024-12-13,3,160,17.92,0.112,2400000,384000000,20241203,20241213
OD0447,P013,WH06,R03,E006,2024-12-17,2024-12-27,4,151,10.72,0.071,850000,128350000,20241217,20241227
OD0448,P007,WH06,R03,E006,2024-12-22,2024-12-31,4,97,4.85,0.05,2100000,203700000,20241222,20241231
OD0449,P005,WH07,R04,E007,2024-12-27,2025-01-05,3,143,9.87,0.069,950000,135850000,20241227,20250105
OD0450,P014,WH04,R02,E004,2024-12-04,2024-12-19,4,75,5.18,0.069,1300000,97500000,20241204,20241219
OD0451,P012,WH01,R01,E009,2024-12-21,2025-01-01,2,147,18.23,0.124,1050000,154350000,20241221,20250101
OD0452,P001,WH01,R01,E001,2024-12-05,2024-12-18,1,152,14.59,0.096,1250000,190000000,20241205,20241218
OD0453,P013,WH08,R05,E008,2024-12-10,2024-12-17,5,120,8.52,0.071,850000,102000000,20241210,20241217
OD0454,P012,WH01,R01,E009,2024-12-06,2024-12-13,5,164,20.34,0.124,1050000,172200000,20241206,20241213
OD0455,P007,WH08,R05,E008,2024-12-22,2024-12-31,5,190,9.5,0.05,2100000,399000000,20241222,20241231
OD0456,P003,WH07,R04,E007,2024-12-03,2024-12-08,5,131,14.8,0.113,1650000,216150000,20241203,20241208
OD0457,P013,WH05,R03,E010,2024-12-01,2024-12-12,3,100,7.1,0.071,850000,85000000,20241201,20241212
OD0458,P004,WH08,R05,E008,2024-12-08,2024-12-15,2,204,18.36,0.09,950000,193800000,20241208,20241215
OD0459,P001,WH07,R04,E007,2024-12-19,2024-12-28,2,109,10.46,0.096,1250000,136250000,20241219,20241228
OD0460,P003,WH02,R01,E002,2024-12-26,2025-01-08,3,66,7.46,0.113,1650000,108900000,20241226,20250108
OD0461,P001,WH07,R04,E007,2024-12-24,2024-12-29,4,152,14.59,0.096,1250000,190000000,20241224,20241229
OD0462,P003,WH07,R04,E007,2024-12-13,2024-12-28,4,163,18.42,0.113,1650000,268950000,20241213,20241228
OD0463,P009,WH05,R03,E010,2024-12-13,2024-12-23,3,102,11.42,0.112,2400000,244800000,20241213,20241223
OD0464,P009,WH04,R02,E004,2024-12-18,2024-12-30,4,187,20.94,0.112,2400000,448800000,20241218,20241230
OD0465,P002,WH05,R03,E005,2024-12-28,2025-01-05,4,219,22.34,0.102,1050000,229950000,20241228,20250105
OD0466,P007,WH07,R04,E007,2024-12-27,2025-01-05,4,108,5.4,0.05,2100000,226800000,20241227,20250105
OD0467,P015,WH02,R01,E002,2024-12-07,2024-12-22,4,83,4.9,0.059,900000,74700000,20241207,20241222
