OrderID,SalesNo,ProductID,WarehouseID,RegionCode,EmployeeID,SalesDate,SalesQty,SalesVolume,ShipID,OnTimeRate,ProductVolume,Price,SalesRevenue,ShippingCost,GrossProfit,OnTimeFlag,SalesDateKey
OD0001,OD0001-1,P004,WH02,R01,E002,2024-01-03,33,2.97,SHP00001,100,0.09,950000,31350000,66000,31284000,1,20240103
OD0001,OD0001-2,P004,WH02,R01,E002,2024-01-04,5,0.45,SHP00002,96,0.09,950000,4750000,10000,4740000,1,20240104
OD0001,OD0001-3,P004,WH02,R01,E002,2024-01-12,2,0.18,SHP00003,97,0.09,950000,1900000,4000,1896000,1,20240112
OD0002,OD0002-1,P005,WH05,R03,E005,2024-01-16,56,3.86,SHP00004,96,0.069,950000,53200000,112000,53088000,1,20240116
OD0002,OD0002-2,P005,WH05,R03,E005,2024-01-18,7,0.48,SHP00005,100,0.069,950000,6650000,14000,6636000,1,20240118
OD0002,OD0002-3,P005,WH05,R03,E005,2024-01-21,24,1.66,SHP00006,96,0.069,950000,22800000,48000,22752000,1,20240121
OD0003,OD0003-1,P008,WH02,R01,E002,2024-01-21,120,6.96,SHP00007,97,0.058,750000,90000000,240000,89760000,1,20240121
OD0004,OD0004-1,P014,WH06,R03,E006,2024-01-27,44,3.04,SHP00008,95,0.069,1300000,57200000,88000,57112000,1,20240127
OD0004,OD0004-2,P014,WH06,R03,E006,2024-01-28,10,0.69,SHP00009,97,0.069,1300000,13000000,20000,12980000,1,20240128
OD0005,OD0005-1,P004,WH01,R01,E009,2024-01-23,63,5.67,SHP00010,98,0.09,950000,59850000,126000,59724000,1,20240123
OD0005,OD0005-2,P004,WH01,R01,E009,2024-01-24,57,5.13,SHP00011,96,0.09,950000,54150000,114000,54036000,1,20240124
OD0006,OD0006-1,P004,WH01,R01,E001,2024-01-12,1,0.09,SHP00012,94,0.09,950000,950000,2000,948000,1,20240112
OD0006,OD0006-2,P004,WH01,R01,E001,2024-01-14,75,6.75,SHP00013,96,0.09,950000,71250000,150000,71100000,1,20240114
OD0007,OD0007-1,P006,WH02,R01,E002,2024-01-09,9,0.37,SHP00014,95,0.041,800000,7200000,18000,7182000,1,20240109
OD0007,OD0007-2,P006,WH02,R01,E002,2024-01-14,28,1.15,SHP00015,91,0.041,800000,22400000,56000,22344000,0,20240114
OD0008,OD0008-1,P007,WH01,R01,E001,2024-01-15,9,0.45,SHP00016,93,0.05,2100000,18900000,18000,18882000,1,20240115
OD0008,OD0008-2,P007,WH01,R01,E001,2024-01-22,10,0.5,SHP00017,92,0.05,2100000,21000000,20000,20980000,1,20240122
OD0008,OD0008-3,P007,WH01,R01,E001,2024-01-22,18,0.9,SHP00018,92,0.05,2100000,37800000,36000,37764000,1,20240122
OD0009,OD0009-1,P015,WH06,R03,E006,2024-01-29,11,0.65,SHP00019,96,0.059,900000,9900000,22000,9878000,1,20240129
OD0009,OD0009-2,P015,WH06,R03,E006,2024-01-30,1,0.06,SHP00020,92,0.059,900000,900000,2000,898000,1,20240130
OD0009,OD0009-3,P015,WH06,R03,E006,2024-02-01,45,2.65,SHP00021,99,0.059,900000,40500000,90000,40410000,1,20240201
OD0010,OD0010-1,P006,WH06,R03,E006,2024-01-26,81,3.32,SHP00022,98,0.041,800000,64800000,162000,64638000,1,20240126
OD0010,OD0010-2,P006,WH06,R03,E006,2024-01-30,19,0.78,SHP00023,100,0.041,800000,15200000,38000,15162000,1,20240130
OD0011,OD0011-1,P014,WH02,R01,E002,2024-01-10,19,1.31,SHP00024,96,0.069,1300000,24700000,38000,24662000,1,20240110
OD0011,OD0011-2,P014,WH02,R01,E002,2024-01-11,4,0.28,SHP00025,100,0.069,1300000,5200000,8000,5192000,1,20240111
OD0011,OD0011-3,P014,WH02,R01,E002,2024-01-12,14,0.97,SHP00026,92,0.069,1300000,18200000,28000,18172000,1,20240112
OD0012,OD0012-1,P011,WH01,R01,E001,2024-01-29,16,2.0,SHP00027,99,0.125,1900000,30400000,32000,30368000,1,20240129
OD0012,OD0012-2,P011,WH01,R01,E001,2024-01-30,39,4.88,SHP00028,96,0.125,1900000,74100000,78000,74022000,1,20240130
OD0012,OD0012-3,P011,WH01,R01,E001,2024-01-30,19,2.38,SHP00029,100,0.125,1900000,36100000,38000,36062000,1,20240130
OD0013,OD0013-1,P008,WH02,R01,E002,2024-01-09,19,1.1,SHP00030,94,0.058,750000,14250000,38000,14212000,1,20240109
OD0013,OD0013-2,P008,WH02,R01,E002,2024-01-09,15,0.87,SHP00031,92,0.058,750000,11250000,30000,11220000,1,20240109
OD0014,OD0014-1,P008,WH01,R01,E009,2024-01-20,21,1.22,SHP00032,91,0.058,750000,15750000,42000,15708000,0,20240120
OD0014,OD0014-2,P008,WH01,R01,E009,2024-01-23,1,0.06,SHP00033,95,0.058,750000,750000,2000,748000,1,20240123
OD0014,OD0014-3,P008,WH01,R01,E009,2024-01-29,28,1.62,SHP00034,93,0.058,750000,21000000,56000,20944000,1,20240129
OD0015,OD0015-1,P011,WH05,R03,E010,2024-01-20,56,7.0,SHP00035,95,0.125,1900000,106400000,112000,106288000,1,20240120
OD0015,OD0015-2,P011,WH05,R03,E010,2024-01-23,7,0.88,SHP00036,100,0.125,1900000,13300000,14000,13286000,1,20240123
OD0015,OD0015-3,P011,WH05,R03,E010,2024-01-24,1,0.12,SHP00037,92,0.125,1900000,1900000,2000,1898000,1,20240124
OD0016,OD0016-1,P004,WH06,R03,E006,2024-01-27,7,0.63,SHP00038,95,0.09,950000,6650000,14000,6636000,1,20240127
OD0016,OD0016-2,P004,WH06,R03,E006,2024-01-28,13,1.17,SHP00039,92,0.09,950000,12350000,26000,12324000,1,20240128
OD0016,OD0016-3,P004,WH06,R03,E006,2024-02-02,12,1.08,SHP00040,91,0.09,950000,11400000,24000,11376000,0,20240202
OD0017,OD0017-1,P011,WH08,R05,E008,2024-01-16,9,1.12,SHP00041,91,0.125,1900000,17100000,18000,17082000,0,20240116
OD0017,OD0017-2,P011,WH08,R05,E008,2024-01-21,64,8.0,SHP00042,93,0.125,1900000,121600000,128000,121472000,1,20240121
OD0017,OD0017-3,P011,WH08,R05,E008,2024-01-22,29,3.62,SHP00043,92,0.125,1900000,55100000,58000,55042000,1,20240122
OD0018,OD0018-1,P013,WH01,R01,E009,2024-01-13,2,0.14,SHP00044,99,0.071,850000,1700000,4000,1696000,1,20240113
OD0018,OD0018-2,P013,WH01,R01,E009,2024-01-17,39,2.77,SHP00045,95,0.071,850000,33150000,78000,33072000,1,20240117
OD0019,OD0019-1,P006,WH08,R05,E008,2024-01-11,45,1.84,SHP00046,97,0.041,800000,36000000,90000,35910000,1,20240111
OD0019,OD0019-2,P006,WH08,R05,E008,2024-01-14,22,0.9,SHP00047,100,0.041,800000,17600000,44000,17556000,1,20240114
OD0020,OD0020-1,P012,WH03,R02,E003,2024-01-12,113,14.01,SHP00048,97,0.124,1050000,118650000,226000,118424000,1,20240112
OD0021,OD0021-1,P006,WH06,R03,E006,2024-02-22,14,0.57,SHP00049,92,0.041,800000,11200000,28000,11172000,1,20240222
OD0021,OD0021-2,P006,WH06,R03,E006,2024-02-23,11,0.45,SHP00050,100,0.041,800000,8800000,22000,8778000,1,20240223
OD0021,OD0021-3,P006,WH06,R03,E006,2024-02-23,1,0.04,SHP00051,98,0.041,800000,800000,2000,798000,1,20240223
OD0022,OD0022-1,P014,WH07,R04,E007,2024-02-15,88,6.07,SHP00052,98,0.069,1300000,114400000,176000,114224000,1,20240215
OD0023,OD0023-1,P016,WH03,R02,E003,2024-02-16,42,7.77,SHP00053,95,0.185,5800000,243600000,84000,243516000,1,20240216
OD0024,OD0024-1,P007,WH07,R04,E007,2024-02-20,22,1.1,SHP00054,94,0.05,2100000,46200000,44000,46156000,1,20240220
OD0025,OD0025-1,P015,WH05,R03,E010,2024-02-28,5,0.29,SHP00055,91,0.059,900000,4500000,10000,4490000,0,20240228
OD0025,OD0025-2,P015,WH05,R03,E010,2024-03-03,40,2.36,SHP00056,97,0.059,900000,36000000,80000,35920000,1,20240303
OD0026,OD0026-1,P008,WH08,R05,E008,2024-02-19,21,1.22,SHP00057,95,0.058,750000,15750000,42000,15708000,1,20240219
OD0026,OD0026-2,P008,WH08,R05,E008,2024-02-27,5,0.29,SHP00058,98,0.058,750000,3750000,10000,3740000,1,20240227
OD0027,OD0027-1,P008,WH01,R01,E009,2024-02-05,41,2.38,SHP00059,95,0.058,750000,30750000,82000,30668000,1,20240205
OD0027,OD0027-2,P008,WH01,R01,E009,2024-02-06,21,1.22,SHP00060,92,0.058,750000,15750000,42000,15708000,1,20240206
OD0027,OD0027-3,P008,WH01,R01,E009,2024-02-12,2,0.12,SHP00061,91,0.058,750000,1500000,4000,1496000,0,20240212
OD0028,OD0028-1,P013,WH07,R04,E007,2024-02-17,38,2.7,SHP00062,92,0.071,850000,32300000,76000,32224000,1,20240217
OD0029,OD0029-1,P014,WH08,R05,E008,2024-02-04,75,5.18,SHP00063,98,0.069,1300000,97500000,150000,97350000,1,20240204
OD0029,OD0029-2,P014,WH08,R05,E008,2024-02-08,15,1.04,SHP00064,94,0.069,1300000,19500000,30000,19470000,1,20240208
OD0029,OD0029-3,P014,WH08,R05,E008,2024-02-09,11,0.76,SHP00065,93,0.069,1300000,14300000,22000,14278000,1,20240209
OD0030,OD0030-1,P003,WH08,R05,E008,2024-02-26,69,7.8,SHP00066,91,0.113,1650000,113850000,138000,113712000,0,20240226
OD0031,OD0031-1,P013,WH07,R04,E007,2024-02-27,81,5.75,SHP00067,99,0.071,850000,68850000,162000,68688000,1,20240227
OD0032,OD0032-1,P016,WH03,R02,E003,2024-02-08,15,2.77,SHP00068,100,0.185,5800000,87000000,30000,86970000,1,20240208
OD0032,OD0032-2,P016,WH03,R02,E003,2024-02-09,74,13.69,SHP00069,99,0.185,5800000,429200000,148000,429052000,1,20240209
OD0032,OD0032-3,P016,WH03,R02,E003,2024-02-11,26,4.81,SHP00070,91,0.185,5800000,150800000,52000,150748000,0,20240211
OD0033,OD0033-1,P005,WH02,R01,E002,2024-02-19,25,1.73,SHP00071,98,0.069,950000,23750000,50000,23700000,1,20240219
OD0033,OD0033-2,P005,WH02,R01,E002,2024-03-01,59,4.07,SHP00072,91,0.069,950000,56050000,118000,55932000,0,20240301
OD0034,OD0034-1,P001,WH07,R04,E007,2024-02-23,7,0.67,SHP00073,99,0.096,1250000,8750000,14000,8736000,1,20240223
OD0034,OD0034-2,P001,WH07,R04,E007,2024-02-24,51,4.9,SHP00074,94,0.096,1250000,63750000,102000,63648000,1,20240224
OD0034,OD0034-3,P001,WH07,R04,E007,2024-02-26,32,3.07,SHP00075,95,0.096,1250000,40000000,64000,39936000,1,20240226
OD0035,OD0035-1,P012,WH06,R03,E006,2024-03-03,75,9.3,SHP00076,93,0.124,1050000,78750000,150000,78600000,1,20240303
OD0037,OD0037-1,P013,WH06,R03,E006,2024-02-06,28,1.99,SHP00077,95,0.071,850000,23800000,56000,23744000,1,20240206
OD0037,OD0037-2,P013,WH06,R03,E006,2024-02-07,60,4.26,SHP00078,94,0.071,850000,51000000,120000,50880000,1,20240207
OD0037,OD0037-3,P013,WH06,R03,E006,2024-02-08,15,1.06,SHP00079,96,0.071,850000,12750000,30000,12720000,1,20240208
OD0038,OD0038-1,P005,WH05,R03,E005,2024-02-26,12,0.83,SHP00080,92,0.069,950000,11400000,24000,11376000,1,20240226
OD0038,OD0038-2,P005,WH05,R03,E005,2024-03-07,15,1.04,SHP00081,94,0.069,950000,14250000,30000,14220000,1,20240307
OD0039,OD0039-1,P007,WH01,R01,E009,2024-03-05,107,5.35,SHP00082,95,0.05,2100000,224700000,214000,224486000,1,20240305
OD0040,OD0040-1,P008,WH06,R03,E006,2024-02-20,68,3.94,SHP00083,94,0.058,750000,51000000,136000,50864000,1,20240220
OD0041,OD0041-1,P008,WH03,R02,E003,2024-03-05,45,2.61,SHP00084,93,0.058,750000,33750000,90000,33660000,1,20240305
OD0041,OD0041-2,P008,WH03,R02,E003,2024-03-09,66,3.83,SHP00085,91,0.058,750000,49500000,132000,49368000,0,20240309
OD0042,OD0042-1,P013,WH01,R01,E001,2024-02-19,59,4.19,SHP00086,91,0.071,850000,50150000,118000,50032000,0,20240219
OD0042,OD0042-2,P013,WH01,R01,E001,2024-02-20,45,3.19,SHP00087,91,0.071,850000,38250000,90000,38160000,0,20240220
OD0042,OD0042-3,P013,WH01,R01,E001,2024-02-21,1,0.07,SHP00088,99,0.071,850000,850000,2000,848000,1,20240221
OD0043,OD0043-1,P002,WH06,R03,E006,2024-03-19,75,7.65,SHP00089,94,0.102,1050000,78750000,150000,78600000,1,20240319
OD0043,OD0043-2,P002,WH06,R03,E006,2024-03-21,87,8.87,SHP00090,95,0.102,1050000,91350000,174000,91176000,1,20240321
OD0043,OD0043-3,P002,WH06,R03,E006,2024-03-24,54,5.51,SHP00091,91,0.102,1050000,56700000,108000,56592000,0,20240324
OD0044,OD0044-1,P011,WH05,R03,E010,2024-03-25,180,22.5,SHP00092,95,0.125,1900000,342000000,360000,341640000,1,20240325
OD0044,OD0044-2,P011,WH05,R03,E010,2024-03-26,28,3.5,SHP00093,96,0.125,1900000,53200000,56000,53144000,1,20240326
OD0045,OD0045-1,P005,WH08,R05,E008,2024-03-25,39,2.69,SHP00094,97,0.069,950000,37050000,78000,36972000,1,20240325
OD0045,OD0045-2,P005,WH08,R05,E008,2024-03-26,69,4.76,SHP00095,98,0.069,950000,65550000,138000,65412000,1,20240326
OD0045,OD0045-3,P005,WH08,R05,E008,2024-03-26,23,1.59,SHP00096,98,0.069,950000,21850000,46000,21804000,1,20240326
OD0046,OD0046-1,P015,WH04,R02,E004,2024-03-22,195,11.5,SHP00097,92,0.059,900000,175500000,390000,175110000,1,20240322
OD0047,OD0047-1,P005,WH03,R02,E003,2024-03-17,122,8.42,SHP00098,97,0.069,950000,115900000,244000,115656000,1,20240317
OD0048,OD0048-1,P010,WH05,R03,E010,2024-03-02,65,7.35,SHP00099,94,0.113,3500000,227500000,130000,227370000,1,20240302
OD0048,OD0048-2,P010,WH05,R03,E010,2024-03-04,18,2.03,SHP00100,94,0.113,3500000,63000000,36000,62964000,1,20240304
OD0048,OD0048-3,P010,WH05,R03,E010,2024-03-08,2,0.23,SHP00101,99,0.113,3500000,7000000,4000,6996000,1,20240308
OD0049,OD0049-1,P006,WH06,R03,E006,2024-03-22,153,6.27,SHP00102,93,0.041,800000,122400000,306000,122094000,1,20240322
OD0051,OD0051-1,P014,WH02,R01,E002,2024-03-27,62,4.28,SHP00103,91,0.069,1300000,80600000,124000,80476000,0,20240327
OD0051,OD0051-2,P014,WH02,R01,E002,2024-04-04,50,3.45,SHP00104,93,0.069,1300000,65000000,100000,64900000,1,20240404
OD0051,OD0051-3,P014,WH02,R01,E002,2024-04-06,77,5.31,SHP00105,91,0.069,1300000,100100000,154000,99946000,0,20240406
OD0052,OD0052-1,P013,WH01,R01,E001,2024-03-31,17,1.21,SHP00106,92,0.071,850000,14450000,34000,14416000,1,20240331
OD0052,OD0052-2,P013,WH01,R01,E001,2024-04-01,89,6.32,SHP00107,97,0.071,850000,75650000,178000,75472000,1,20240401
OD0053,OD0053-1,P014,WH03,R02,E003,2024-03-30,153,10.56,SHP00108,95,0.069,1300000,198900000,306000,198594000,1,20240330
OD0053,OD0053-2,P014,WH03,R02,E003,2024-04-01,9,0.62,SHP00109,98,0.069,1300000,11700000,18000,11682000,1,20240401
OD0054,OD0054-1,P005,WH05,R03,E010,2024-03-06,161,11.11,SHP00110,95,0.069,950000,152950000,322000,152628000,1,20240306
OD0054,OD0054-2,P005,WH05,R03,E010,2024-03-12,50,3.45,SHP00111,93,0.069,950000,47500000,100000,47400000,1,20240312
OD0056,OD0056-1,P003,WH06,R03,E006,2024-03-27,68,7.68,SHP00112,99,0.113,1650000,112200000,136000,112064000,1,20240327
OD0056,OD0056-2,P003,WH06,R03,E006,2024-04-02,130,14.69,SHP00113,95,0.113,1650000,214500000,260000,214240000,1,20240402
OD0057,OD0057-1,P007,WH03,R02,E003,2024-03-20,22,1.1,SHP00114,95,0.05,2100000,46200000,44000,46156000,1,20240320
OD0057,OD0057-2,P007,WH03,R02,E003,2024-03-21,32,1.6,SHP00115,99,0.05,2100000,67200000,64000,67136000,1,20240321
OD0057,OD0057-3,P007,WH03,R02,E003,2024-03-21,8,0.4,SHP00116,95,0.05,2100000,16800000,16000,16784000,1,20240321
OD0058,OD0058-1,P005,WH01,R01,E001,2024-03-22,47,3.24,SHP00117,94,0.069,950000,44650000,94000,44556000,1,20240322
OD0058,OD0058-2,P005,WH01,R01,E001,2024-03-24,161,11.11,SHP00118,91,0.069,950000,152950000,322000,152628000,0,20240324
OD0060,OD0060-1,P010,WH05,R03,E005,2024-03-30,116,13.11,SHP00119,100,0.113,3500000,406000000,232000,405768000,1,20240330
OD0060,OD0060-2,P010,WH05,R03,E005,2024-04-01,15,1.7,SHP00120,100,0.113,3500000,52500000,30000,52470000,1,20240401
OD0060,OD0060-3,P010,WH05,R03,E005,2024-04-09,64,7.23,SHP00121,95,0.113,3500000,224000000,128000,223872000,1,20240409
OD0062,OD0062-1,P011,WH02,R01,E002,2024-03-10,123,15.38,SHP00122,97,0.125,1900000,233700000,246000,233454000,1,20240310
OD0063,OD0063-1,P005,WH03,R02,E003,2024-03-16,65,4.49,SHP00123,92,0.069,950000,61750000,130000,61620000,1,20240316
OD0063,OD0063-2,P005,WH03,R02,E003,2024-03-17,41,2.83,SHP00124,96,0.069,950000,38950000,82000,38868000,1,20240317
OD0063,OD0063-3,P005,WH03,R02,E003,2024-03-20,15,1.04,SHP00125,98,0.069,950000,14250000,30000,14220000,1,20240320
OD0064,OD0064-1,P013,WH06,R03,E006,2024-03-26,45,3.19,SHP00126,100,0.071,850000,38250000,90000,38160000,1,20240326
OD0064,OD0064-2,P013,WH06,R03,E006,2024-03-29,35,2.48,SHP00127,92,0.071,850000,29750000,70000,29680000,1,20240329
OD0065,OD0065-1,P007,WH08,R05,E008,2024-03-07,153,7.65,SHP00128,94,0.05,2100000,321300000,306000,320994000,1,20240307
OD0066,OD0066-1,P008,WH02,R01,E002,2024-03-11,107,6.21,SHP00129,96,0.058,750000,80250000,214000,80036000,1,20240311
OD0067,OD0067-1,P008,WH08,R05,E008,2024-03-25,30,1.74,SHP00130,94,0.058,750000,22500000,60000,22440000,1,20240325
OD0067,OD0067-2,P008,WH08,R05,E008,2024-03-30,14,0.81,SHP00131,99,0.058,750000,10500000,28000,10472000,1,20240330
OD0067,OD0067-3,P008,WH08,R05,E008,2024-04-01,26,1.51,SHP00132,99,0.058,750000,19500000,52000,19448000,1,20240401
OD0069,OD0069-1,P003,WH02,R01,E002,2024-04-02,215,24.3,SHP00133,95,0.113,1650000,354750000,430000,354320000,1,20240402
OD0070,OD0070-1,P012,WH07,R04,E007,2024-03-21,73,9.05,SHP00134,100,0.124,1050000,76650000,146000,76504000,1,20240321
OD0070,OD0070-2,P012,WH07,R04,E007,2024-03-24,98,12.15,SHP00135,98,0.124,1050000,102900000,196000,102704000,1,20240324
OD0071,OD0071-1,P006,WH08,R05,E008,2024-03-11,63,2.58,SHP00136,96,0.041,800000,50400000,126000,50274000,1,20240311
OD0071,OD0071-2,P006,WH08,R05,E008,2024-03-18,73,2.99,SHP00137,99,0.041,800000,58400000,146000,58254000,1,20240318
OD0071,OD0071-3,P006,WH08,R05,E008,2024-03-21,23,0.94,SHP00138,99,0.041,800000,18400000,46000,18354000,1,20240321
OD0072,OD0072-1,P011,WH06,R03,E006,2024-03-18,183,22.88,SHP00139,93,0.125,1900000,347700000,366000,347334000,1,20240318
OD0073,OD0073-1,P008,WH03,R02,E003,2024-04-04,111,6.44,SHP00140,100,0.058,750000,83250000,222000,83028000,1,20240404
OD0074,OD0074-1,P012,WH03,R02,E003,2024-03-11,57,7.07,SHP00141,99,0.124,1050000,59850000,114000,59736000,1,20240311
OD0074,OD0074-2,P012,WH03,R02,E003,2024-03-13,122,15.13,SHP00142,95,0.124,1050000,128100000,244000,127856000,1,20240313
OD0076,OD0076-1,P011,WH06,R03,E006,2024-03-17,42,5.25,SHP00143,99,0.125,1900000,79800000,84000,79716000,1,20240317
OD0076,OD0076-2,P011,WH06,R03,E006,2024-03-20,44,5.5,SHP00144,94,0.125,1900000,83600000,88000,83512000,1,20240320
OD0076,OD0076-3,P011,WH06,R03,E006,2024-03-23,28,3.5,SHP00145,97,0.125,1900000,53200000,56000,53144000,1,20240323
OD0077,OD0077-1,P011,WH08,R05,E008,2024-03-23,131,16.38,SHP00146,100,0.125,1900000,248900000,262000,248638000,1,20240323
OD0078,OD0078-1,P001,WH07,R04,E007,2024-03-22,89,8.54,SHP00147,96,0.096,1250000,111250000,178000,111072000,1,20240322
OD0078,OD0078-2,P001,WH07,R04,E007,2024-03-22,71,6.82,SHP00148,97,0.096,1250000,88750000,142000,88608000,1,20240322
OD0079,OD0079-1,P016,WH01,R01,E001,2024-03-16,166,30.71,SHP00149,93,0.185,5800000,962800000,332000,962468000,1,20240316
OD0079,OD0079-2,P016,WH01,R01,E001,2024-03-20,37,6.84,SHP00150,98,0.185,5800000,214600000,74000,214526000,1,20240320
OD0079,OD0079-3,P016,WH01,R01,E001,2024-03-22,9,1.67,SHP00151,94,0.185,5800000,52200000,18000,52182000,1,20240322
OD0080,OD0080-1,P003,WH04,R02,E004,2024-03-09,134,15.14,SHP00152,97,0.113,1650000,221100000,268000,220832000,1,20240309
OD0080,OD0080-2,P003,WH04,R02,E004,2024-03-09,36,4.07,SHP00153,93,0.113,1650000,59400000,72000,59328000,1,20240309
OD0081,OD0081-1,P008,WH06,R03,E006,2024-03-07,51,2.96,SHP00154,92,0.058,750000,38250000,102000,38148000,1,20240307
OD0081,OD0081-2,P008,WH06,R03,E006,2024-03-18,117,6.79,SHP00155,94,0.058,750000,87750000,234000,87516000,1,20240318
OD0082,OD0082-1,P002,WH07,R04,E007,2024-03-20,5,0.51,SHP00156,100,0.102,1050000,5250000,10000,5240000,1,20240320
OD0082,OD0082-2,P002,WH07,R04,E007,2024-03-23,67,6.83,SHP00157,100,0.102,1050000,70350000,134000,70216000,1,20240323
OD0083,OD0083-1,P009,WH03,R02,E003,2024-03-24,110,12.32,SHP00158,96,0.112,2400000,264000000,220000,263780000,1,20240324
OD0083,OD0083-2,P009,WH03,R02,E003,2024-03-25,44,4.93,SHP00159,91,0.112,2400000,105600000,88000,105512000,0,20240325
OD0084,OD0084-1,P016,WH07,R04,E007,2024-03-22,33,6.1,SHP00160,97,0.185,5800000,191400000,66000,191334000,1,20240322
OD0084,OD0084-2,P016,WH07,R04,E007,2024-03-24,39,7.21,SHP00161,93,0.185,5800000,226200000,78000,226122000,1,20240324
OD0084,OD0084-3,P016,WH07,R04,E007,2024-03-26,5,0.93,SHP00162,94,0.185,5800000,29000000,10000,28990000,1,20240326
OD0085,OD0085-1,P012,WH03,R02,E003,2024-03-20,70,8.68,SHP00163,94,0.124,1050000,73500000,140000,73360000,1,20240320
OD0086,OD0086-1,P015,WH05,R03,E005,2024-03-29,190,11.21,SHP00164,96,0.059,900000,171000000,380000,170620000,1,20240329
OD0087,OD0087-1,P014,WH05,R03,E010,2024-03-15,86,5.93,SHP00165,91,0.069,1300000,111800000,172000,111628000,0,20240315
OD0088,OD0088-1,P014,WH02,R01,E002,2024-03-23,138,9.52,SHP00166,93,0.069,1300000,179400000,276000,179124000,1,20240323
OD0089,OD0089-1,P011,WH08,R05,E008,2024-04-09,184,23.0,SHP00167,100,0.125,1900000,349600000,368000,349232000,1,20240409
OD0091,OD0091-1,P008,WH01,R01,E001,2024-04-22,28,1.62,SHP00168,98,0.058,750000,21000000,56000,20944000,1,20240422
OD0091,OD0091-2,P008,WH01,R01,E001,2024-04-26,70,4.06,SHP00169,98,0.058,750000,52500000,140000,52360000,1,20240426
OD0091,OD0091-3,P008,WH01,R01,E001,2024-04-28,39,2.26,SHP00170,95,0.058,750000,29250000,78000,29172000,1,20240428
OD0092,OD0092-1,P005,WH06,R03,E006,2024-04-20,139,9.59,SHP00171,91,0.069,950000,132050000,278000,131772000,0,20240420
OD0093,OD0093-1,P011,WH01,R01,E009,2024-04-10,96,12.0,SHP00172,92,0.125,1900000,182400000,192000,182208000,1,20240410
OD0093,OD0093-2,P011,WH01,R01,E009,2024-04-13,90,11.25,SHP00173,99,0.125,1900000,171000000,180000,170820000,1,20240413
OD0094,OD0094-1,P011,WH05,R03,E005,2024-04-30,191,23.88,SHP00174,98,0.125,1900000,362900000,382000,362518000,1,20240430
OD0096,OD0096-1,P016,WH05,R03,E005,2024-04-21,97,17.95,SHP00175,94,0.185,5800000,562600000,194000,562406000,1,20240421
OD0096,OD0096-2,P016,WH05,R03,E005,2024-04-21,2,0.37,SHP00176,91,0.185,5800000,11600000,4000,11596000,0,20240421
OD0096,OD0096-3,P016,WH05,R03,E005,2024-04-24,25,4.62,SHP00177,99,0.185,5800000,145000000,50000,144950000,1,20240424
OD0097,OD0097-1,P005,WH06,R03,E006,2024-04-07,125,8.62,SHP00178,100,0.069,950000,118750000,250000,118500000,1,20240407
OD0097,OD0097-2,P005,WH06,R03,E006,2024-04-13,78,5.38,SHP00179,92,0.069,950000,74100000,156000,73944000,1,20240413
OD0098,OD0098-1,P005,WH07,R04,E007,2024-05-01,104,7.18,SHP00180,94,0.069,950000,98800000,208000,98592000,1,20240501
OD0099,OD0099-1,P004,WH05,R03,E010,2024-04-14,98,8.82,SHP00181,98,0.09,950000,93100000,196000,92904000,1,20240414
OD0099,OD0099-2,P004,WH05,R03,E010,2024-04-16,38,3.42,SHP00182,94,0.09,950000,36100000,76000,36024000,1,20240416
OD0099,OD0099-3,P004,WH05,R03,E010,2024-04-17,22,1.98,SHP00183,91,0.09,950000,20900000,44000,20856000,0,20240417
OD0100,OD0100-1,P004,WH08,R05,E008,2024-04-26,84,7.56,SHP00184,97,0.09,950000,79800000,168000,79632000,1,20240426
OD0101,OD0101-1,P004,WH08,R05,E008,2024-04-14,73,6.57,SHP00185,97,0.09,950000,69350000,146000,69204000,1,20240414
OD0101,OD0101-2,P004,WH08,R05,E008,2024-04-18,65,5.85,SHP00186,99,0.09,950000,61750000,130000,61620000,1,20240418
OD0102,OD0102-1,P003,WH06,R03,E006,2024-04-17,136,15.37,SHP00187,99,0.113,1650000,224400000,272000,224128000,1,20240417
OD0102,OD0102-2,P003,WH06,R03,E006,2024-04-22,11,1.24,SHP00188,97,0.113,1650000,18150000,22000,18128000,1,20240422
OD0103,OD0103-1,P009,WH02,R01,E002,2024-04-27,115,12.88,SHP00189,92,0.112,2400000,276000000,230000,275770000,1,20240427
OD0103,OD0103-2,P009,WH02,R01,E002,2024-04-29,72,8.06,SHP00190,100,0.112,2400000,172800000,144000,172656000,1,20240429
OD0104,OD0104-1,P002,WH01,R01,E009,2024-04-23,4,0.41,SHP00191,99,0.102,1050000,4200000,8000,4192000,1,20240423
OD0104,OD0104-2,P002,WH01,R01,E009,2024-04-23,38,3.88,SHP00192,98,0.102,1050000,39900000,76000,39824000,1,20240423
OD0104,OD0104-3,P002,WH01,R01,E009,2024-04-28,30,3.06,SHP00193,91,0.102,1050000,31500000,60000,31440000,0,20240428
OD0105,OD0105-1,P002,WH03,R02,E003,2024-04-20,28,2.86,SHP00194,93,0.102,1050000,29400000,56000,29344000,1,20240420
OD0105,OD0105-2,P002,WH03,R02,E003,2024-04-27,77,7.85,SHP00195,94,0.102,1050000,80850000,154000,80696000,1,20240427
OD0106,OD0106-1,P012,WH06,R03,E006,2024-04-30,11,1.36,SHP00196,99,0.124,1050000,11550000,22000,11528000,1,20240430
OD0106,OD0106-2,P012,WH06,R03,E006,2024-05-06,145,17.98,SHP00197,93,0.124,1050000,152250000,290000,151960000,1,20240506
OD0106,OD0106-3,P012,WH06,R03,E006,2024-05-07,9,1.12,SHP00198,91,0.124,1050000,9450000,18000,9432000,0,20240507
OD0107,OD0107-1,P005,WH07,R04,E007,2024-04-21,76,5.24,SHP00199,95,0.069,950000,72200000,152000,72048000,1,20240421
OD0107,OD0107-2,P005,WH07,R04,E007,2024-04-24,36,2.48,SHP00200,92,0.069,950000,34200000,72000,34128000,1,20240424
OD0108,OD0108-1,P004,WH08,R05,E008,2024-04-27,169,15.21,SHP00201,92,0.09,950000,160550000,338000,160212000,1,20240427
OD0109,OD0109-1,P005,WH01,R01,E009,2024-04-20,5,0.35,SHP00202,96,0.069,950000,4750000,10000,4740000,1,20240420
OD0109,OD0109-2,P005,WH01,R01,E009,2024-04-23,178,12.28,SHP00203,97,0.069,950000,169100000,356000,168744000,1,20240423
OD0111,OD0111-1,P014,WH01,R01,E009,2024-04-17,40,2.76,SHP00204,97,0.069,1300000,52000000,80000,51920000,1,20240417
OD0111,OD0111-2,P014,WH01,R01,E009,2024-04-21,30,2.07,SHP00205,91,0.069,1300000,39000000,60000,38940000,0,20240421
OD0112,OD0112-1,P016,WH06,R03,E006,2024-04-24,94,17.39,SHP00206,97,0.185,5800000,545200000,188000,545012000,1,20240424
OD0112,OD0112-2,P016,WH06,R03,E006,2024-04-28,53,9.8,SHP00207,95,0.185,5800000,307400000,106000,307294000,1,20240428
OD0113,OD0113-1,P006,WH05,R03,E010,2024-04-14,2,0.08,SHP00208,95,0.041,800000,1600000,4000,1596000,1,20240414
OD0113,OD0113-2,P006,WH05,R03,E010,2024-04-14,12,0.49,SHP00209,97,0.041,800000,9600000,24000,9576000,1,20240414
OD0113,OD0113-3,P006,WH05,R03,E010,2024-04-18,109,4.47,SHP00210,91,0.041,800000,87200000,218000,86982000,0,20240418
OD0115,OD0115-1,P016,WH04,R02,E004,2024-04-15,94,17.39,SHP00211,98,0.185,5800000,545200000,188000,545012000,1,20240415
OD0115,OD0115-2,P016,WH04,R02,E004,2024-04-19,11,2.04,SHP00212,91,0.185,5800000,63800000,22000,63778000,0,20240419
OD0116,OD0116-1,P014,WH03,R02,E003,2024-04-17,67,4.62,SHP00213,100,0.069,1300000,87100000,134000,86966000,1,20240417
OD0117,OD0117-1,P007,WH08,R05,E008,2024-04-17,64,3.2,SHP00214,94,0.05,2100000,134400000,128000,134272000,1,20240417
OD0119,OD0119-1,P015,WH03,R02,E003,2024-04-16,8,0.47,SHP00215,98,0.059,900000,7200000,16000,7184000,1,20240416
OD0119,OD0119-2,P015,WH03,R02,E003,2024-04-21,155,9.14,SHP00216,95,0.059,900000,139500000,310000,139190000,1,20240421
OD0120,OD0120-1,P012,WH05,R03,E005,2024-04-29,193,23.93,SHP00217,99,0.124,1050000,202650000,386000,202264000,1,20240429
OD0121,OD0121-1,P001,WH08,R05,E008,2024-04-15,95,9.12,SHP00218,99,0.096,1250000,118750000,190000,118560000,1,20240415
OD0122,OD0122-1,P016,WH01,R01,E009,2024-04-12,209,38.66,SHP00219,92,0.185,5800000,1212200000,418000,1211782000,1,20240412
OD0124,OD0124-1,P011,WH05,R03,E005,2024-04-23,112,14.0,SHP00220,92,0.125,1900000,212800000,224000,212576000,1,20240423
OD0124,OD0124-2,P011,WH05,R03,E005,2024-04-26,2,0.25,SHP00221,96,0.125,1900000,3800000,4000,3796000,1,20240426
OD0124,OD0124-3,P011,WH05,R03,E005,2024-05-02,16,2.0,SHP00222,94,0.125,1900000,30400000,32000,30368000,1,20240502
OD0125,OD0125-1,P014,WH08,R05,E008,2024-04-14,155,10.7,SHP00223,91,0.069,1300000,201500000,310000,201190000,0,20240414
OD0125,OD0125-2,P014,WH08,R05,E008,2024-04-15,53,3.66,SHP00224,96,0.069,1300000,68900000,106000,68794000,1,20240415
OD0126,OD0126-1,P003,WH01,R01,E009,2024-04-06,141,15.93,SHP00225,97,0.113,1650000,232650000,282000,232368000,1,20240406
OD0126,OD0126-2,P003,WH01,R01,E009,2024-04-14,18,2.03,SHP00226,99,0.113,1650000,29700000,36000,29664000,1,20240414
OD0127,OD0127-1,P007,WH05,R03,E005,2024-04-22,87,4.35,SHP00227,94,0.05,2100000,182700000,174000,182526000,1,20240422
OD0127,OD0127-2,P007,WH05,R03,E005,2024-04-24,37,1.85,SHP00228,99,0.05,2100000,77700000,74000,77626000,1,20240424
OD0127,OD0127-3,P007,WH05,R03,E005,2024-04-25,68,3.4,SHP00229,92,0.05,2100000,142800000,136000,142664000,1,20240425
OD0128,OD0128-1,P006,WH01,R01,E001,2024-05-04,199,8.16,SHP00230,92,0.041,800000,159200000,398000,158802000,1,20240504
OD0129,OD0129-1,P003,WH06,R03,E006,2024-04-28,5,0.57,SHP00231,91,0.113,1650000,8250000,10000,8240000,0,20240428
OD0129,OD0129-2,P003,WH06,R03,E006,2024-04-29,155,17.52,SHP00232,94,0.113,1650000,255750000,310000,255440000,1,20240429
OD0130,OD0130-1,P007,WH07,R04,E007,2024-04-05,155,7.75,SHP00233,94,0.05,2100000,325500000,310000,325190000,1,20240405
OD0130,OD0130-2,P007,WH07,R04,E007,2024-04-06,65,3.25,SHP00234,95,0.05,2100000,136500000,130000,136370000,1,20240406
OD0131,OD0131-1,P013,WH03,R02,E003,2024-04-11,65,4.61,SHP00235,91,0.071,850000,55250000,130000,55120000,0,20240411
OD0131,OD0131-2,P013,WH03,R02,E003,2024-04-12,95,6.74,SHP00236,94,0.071,850000,80750000,190000,80560000,1,20240412
OD0132,OD0132-1,P010,WH03,R02,E003,2024-04-26,154,17.4,SHP00237,93,0.113,3500000,539000000,308000,538692000,1,20240426
OD0133,OD0133-1,P010,WH02,R01,E002,2024-04-15,55,6.21,SHP00238,100,0.113,3500000,192500000,110000,192390000,1,20240415
OD0133,OD0133-2,P010,WH02,R01,E002,2024-04-17,70,7.91,SHP00239,97,0.113,3500000,245000000,140000,244860000,1,20240417
OD0136,OD0136-1,P009,WH01,R01,E009,2024-04-07,197,22.06,SHP00240,99,0.112,2400000,472800000,394000,472406000,1,20240407
OD0137,OD0137-1,P009,WH03,R02,E003,2024-04-28,72,8.06,SHP00241,97,0.112,2400000,172800000,144000,172656000,1,20240428
OD0138,OD0138-1,P008,WH03,R02,E003,2024-04-20,9,0.52,SHP00242,94,0.058,750000,6750000,18000,6732000,1,20240420
OD0138,OD0138-2,P008,WH03,R02,E003,2024-04-21,34,1.97,SHP00243,95,0.058,750000,25500000,68000,25432000,1,20240421
OD0138,OD0138-3,P008,WH03,R02,E003,2024-05-01,26,1.51,SHP00244,98,0.058,750000,19500000,52000,19448000,1,20240501
OD0139,OD0139-1,P002,WH01,R01,E009,2024-04-10,92,9.38,SHP00245,99,0.102,1050000,96600000,184000,96416000,1,20240410
OD0139,OD0139-2,P002,WH01,R01,E009,2024-04-13,24,2.45,SHP00246,93,0.102,1050000,25200000,48000,25152000,1,20240413
OD0140,OD0140-1,P002,WH07,R04,E007,2024-04-28,162,16.52,SHP00247,98,0.102,1050000,170100000,324000,169776000,1,20240428
OD0141,OD0141-1,P005,WH07,R04,E007,2024-04-02,71,4.9,SHP00248,91,0.069,950000,67450000,142000,67308000,0,20240402
OD0142,OD0142-1,P009,WH07,R04,E007,2024-05-04,80,8.96,SHP00249,96,0.112,2400000,192000000,160000,191840000,1,20240504
OD0143,OD0143-1,P012,WH05,R03,E005,2024-04-24,69,8.56,SHP00250,96,0.124,1050000,72450000,138000,72312000,1,20240424
OD0143,OD0143-2,P012,WH05,R03,E005,2024-04-27,61,7.56,SHP00251,100,0.124,1050000,64050000,122000,63928000,1,20240427
OD0143,OD0143-3,P012,WH05,R03,E005,2024-05-01,68,8.43,SHP00252,96,0.124,1050000,71400000,136000,71264000,1,20240501
OD0144,OD0144-1,P013,WH06,R03,E006,2024-04-13,80,5.68,SHP00253,98,0.071,850000,68000000,160000,67840000,1,20240413
OD0144,OD0144-2,P013,WH06,R03,E006,2024-04-14,26,1.85,SHP00254,94,0.071,850000,22100000,52000,22048000,1,20240414
OD0144,OD0144-3,P013,WH06,R03,E006,2024-04-15,87,6.18,SHP00255,95,0.071,850000,73950000,174000,73776000,1,20240415
OD0145,OD0145-1,P014,WH06,R03,E006,2024-04-24,14,0.97,SHP00256,91,0.069,1300000,18200000,28000,18172000,0,20240424
OD0145,OD0145-2,P014,WH06,R03,E006,2024-05-01,112,7.73,SHP00257,99,0.069,1300000,145600000,224000,145376000,1,20240501
OD0145,OD0145-3,P014,WH06,R03,E006,2024-05-04,43,2.97,SHP00258,93,0.069,1300000,55900000,86000,55814000,1,20240504
OD0146,OD0146-1,P006,WH01,R01,E009,2024-05-08,216,8.86,SHP00259,92,0.041,800000,172800000,432000,172368000,1,20240508
OD0149,OD0149-1,P011,WH06,R03,E006,2024-05-17,179,22.38,SHP00260,91,0.125,1900000,340100000,358000,339742000,0,20240517
OD0149,OD0149-2,P011,WH06,R03,E006,2024-05-19,3,0.38,SHP00261,98,0.125,1900000,5700000,6000,5694000,1,20240519
OD0150,OD0150-1,P015,WH04,R02,E004,2024-05-19,88,5.19,SHP00262,95,0.059,900000,79200000,176000,79024000,1,20240519
OD0150,OD0150-2,P015,WH04,R02,E004,2024-05-21,114,6.73,SHP00263,96,0.059,900000,102600000,228000,102372000,1,20240521
OD0150,OD0150-3,P015,WH04,R02,E004,2024-05-27,5,0.29,SHP00264,94,0.059,900000,4500000,10000,4490000,1,20240527
OD0151,OD0151-1,P013,WH08,R05,E008,2024-05-30,139,9.87,SHP00265,100,0.071,850000,118150000,278000,117872000,1,20240530
OD0152,OD0152-1,P001,WH08,R05,E008,2024-05-18,26,2.5,SHP00266,100,0.096,1250000,32500000,52000,32448000,1,20240518
OD0152,OD0152-2,P001,WH08,R05,E008,2024-05-25,61,5.86,SHP00267,91,0.096,1250000,76250000,122000,76128000,0,20240525
OD0152,OD0152-3,P001,WH08,R05,E008,2024-05-28,73,7.01,SHP00268,94,0.096,1250000,91250000,146000,91104000,1,20240528
OD0153,OD0153-1,P009,WH01,R01,E001,2024-05-21,10,1.12,SHP00269,98,0.112,2400000,24000000,20000,23980000,1,20240521
OD0153,OD0153-2,P009,WH01,R01,E001,2024-05-28,128,14.34,SHP00270,97,0.112,2400000,307200000,256000,306944000,1,20240528
OD0153,OD0153-3,P009,WH01,R01,E001,2024-05-30,53,5.94,SHP00271,99,0.112,2400000,127200000,106000,127094000,1,20240530
OD0154,OD0154-1,P008,WH01,R01,E001,2024-05-27,88,5.1,SHP00272,95,0.058,750000,66000000,176000,65824000,1,20240527
OD0155,OD0155-1,P015,WH04,R02,E004,2024-05-08,162,9.56,SHP00273,95,0.059,900000,145800000,324000,145476000,1,20240508
OD0156,OD0156-1,P001,WH05,R03,E005,2024-05-11,16,1.54,SHP00274,97,0.096,1250000,20000000,32000,19968000,1,20240511
OD0156,OD0156-2,P001,WH05,R03,E005,2024-05-14,43,4.13,SHP00275,93,0.096,1250000,53750000,86000,53664000,1,20240514
OD0156,OD0156-3,P001,WH05,R03,E005,2024-05-18,42,4.03,SHP00276,98,0.096,1250000,52500000,84000,52416000,1,20240518
OD0157,OD0157-1,P013,WH04,R02,E004,2024-06-04,167,11.86,SHP00277,93,0.071,850000,141950000,334000,141616000,1,20240604
OD0157,OD0157-2,P013,WH04,R02,E004,2024-06-05,30,2.13,SHP00278,94,0.071,850000,25500000,60000,25440000,1,20240605
OD0158,OD0158-1,P007,WH04,R02,E004,2024-05-18,208,10.4,SHP00279,96,0.05,2100000,436800000,416000,436384000,1,20240518
OD0159,OD0159-1,P012,WH03,R02,E003,2024-05-06,69,8.56,SHP00280,97,0.124,1050000,72450000,138000,72312000,1,20240506
OD0159,OD0159-2,P012,WH03,R02,E003,2024-05-08,115,14.26,SHP00281,95,0.124,1050000,120750000,230000,120520000,1,20240508
OD0160,OD0160-1,P011,WH02,R01,E002,2024-05-04,54,6.75,SHP00282,93,0.125,1900000,102600000,108000,102492000,1,20240504
OD0160,OD0160-2,P011,WH02,R01,E002,2024-05-04,60,7.5,SHP00283,95,0.125,1900000,114000000,120000,113880000,1,20240504
OD0160,OD0160-3,P011,WH02,R01,E002,2024-05-06,106,13.25,SHP00284,94,0.125,1900000,201400000,212000,201188000,1,20240506
OD0161,OD0161-1,P006,WH01,R01,E001,2024-05-22,131,5.37,SHP00285,91,0.041,800000,104800000,262000,104538000,0,20240522
OD0162,OD0162-1,P008,WH07,R04,E007,2024-05-24,102,5.92,SHP00286,100,0.058,750000,76500000,204000,76296000,1,20240524
OD0162,OD0162-2,P008,WH07,R04,E007,2024-05-25,31,1.8,SHP00287,96,0.058,750000,23250000,62000,23188000,1,20240525
OD0163,OD0163-1,P003,WH01,R01,E009,2024-05-27,168,18.98,SHP00288,93,0.113,1650000,277200000,336000,276864000,1,20240527
OD0165,OD0165-1,P003,WH03,R02,E003,2024-05-20,40,4.52,SHP00289,92,0.113,1650000,66000000,80000,65920000,1,20240520
OD0165,OD0165-2,P003,WH03,R02,E003,2024-05-25,49,5.54,SHP00290,99,0.113,1650000,80850000,98000,80752000,1,20240525
OD0166,OD0166-1,P004,WH05,R03,E005,2024-06-03,121,10.89,SHP00291,94,0.09,950000,114950000,242000,114708000,1,20240603
OD0167,OD0167-1,P011,WH07,R04,E007,2024-06-01,88,11.0,SHP00292,96,0.125,1900000,167200000,176000,167024000,1,20240601
OD0167,OD0167-2,P011,WH07,R04,E007,2024-06-03,13,1.62,SHP00293,93,0.125,1900000,24700000,26000,24674000,1,20240603
OD0169,OD0169-1,P001,WH04,R02,E004,2024-05-31,27,2.59,SHP00294,96,0.096,1250000,33750000,54000,33696000,1,20240531
OD0169,OD0169-2,P001,WH04,R02,E004,2024-06-03,178,17.09,SHP00295,100,0.096,1250000,222500000,356000,222144000,1,20240603
OD0169,OD0169-3,P001,WH04,R02,E004,2024-06-04,2,0.19,SHP00296,91,0.096,1250000,2500000,4000,2496000,0,20240604
OD0171,OD0171-1,P006,WH04,R02,E004,2024-06-02,84,3.44,SHP00297,94,0.041,800000,67200000,168000,67032000,1,20240602
OD0171,OD0171-2,P006,WH04,R02,E004,2024-06-06,23,0.94,SHP00298,92,0.041,800000,18400000,46000,18354000,1,20240606
OD0171,OD0171-3,P006,WH04,R02,E004,2024-06-09,82,3.36,SHP00299,97,0.041,800000,65600000,164000,65436000,1,20240609
OD0173,OD0173-1,P014,WH07,R04,E007,2024-05-02,130,8.97,SHP00300,96,0.069,1300000,169000000,260000,168740000,1,20240502
OD0174,OD0174-1,P010,WH08,R05,E008,2024-05-14,9,1.02,SHP00301,100,0.113,3500000,31500000,18000,31482000,1,20240514
OD0174,OD0174-2,P010,WH08,R05,E008,2024-05-23,183,20.68,SHP00302,95,0.113,3500000,640500000,366000,640134000,1,20240523
OD0175,OD0175-1,P006,WH08,R05,E008,2024-05-12,173,7.09,SHP00303,99,0.041,800000,138400000,346000,138054000,1,20240512
OD0176,OD0176-1,P008,WH08,R05,E008,2024-05-19,72,4.18,SHP00304,94,0.058,750000,54000000,144000,53856000,1,20240519
OD0176,OD0176-2,P008,WH08,R05,E008,2024-05-27,18,1.04,SHP00305,97,0.058,750000,13500000,36000,13464000,1,20240527
OD0177,OD0177-1,P002,WH05,R03,E005,2024-05-18,133,13.57,SHP00306,97,0.102,1050000,139650000,266000,139384000,1,20240518
OD0178,OD0178-1,P003,WH06,R03,E006,2024-05-19,11,1.24,SHP00307,91,0.113,1650000,18150000,22000,18128000,0,20240519
OD0178,OD0178-2,P003,WH06,R03,E006,2024-05-19,41,4.63,SHP00308,93,0.113,1650000,67650000,82000,67568000,1,20240519
OD0178,OD0178-3,P003,WH06,R03,E006,2024-05-22,29,3.28,SHP00309,95,0.113,1650000,47850000,58000,47792000,1,20240522
OD0179,OD0179-1,P012,WH03,R02,E003,2024-06-01,127,15.75,SHP00310,97,0.124,1050000,133350000,254000,133096000,1,20240601
OD0180,OD0180-1,P002,WH06,R03,E006,2024-05-22,8,0.82,SHP00311,98,0.102,1050000,8400000,16000,8384000,1,20240522
OD0180,OD0180-2,P002,WH06,R03,E006,2024-05-24,108,11.02,SHP00312,94,0.102,1050000,113400000,216000,113184000,1,20240524
OD0181,OD0181-1,P011,WH07,R04,E007,2024-05-26,81,10.12,SHP00313,95,0.125,1900000,153900000,162000,153738000,1,20240526
OD0181,OD0181-2,P011,WH07,R04,E007,2024-05-28,85,10.62,SHP00314,94,0.125,1900000,161500000,170000,161330000,1,20240528
OD0182,OD0182-1,P016,WH03,R02,E003,2024-05-10,167,30.89,SHP00315,91,0.185,5800000,968600000,334000,968266000,0,20240510
OD0183,OD0183-1,P014,WH05,R03,E005,2024-05-23,198,13.66,SHP00316,98,0.069,1300000,257400000,396000,257004000,1,20240523
OD0184,OD0184-1,P014,WH07,R04,E007,2024-05-06,63,4.35,SHP00317,91,0.069,1300000,81900000,126000,81774000,0,20240506
OD0184,OD0184-2,P014,WH07,R04,E007,2024-05-09,22,1.52,SHP00318,93,0.069,1300000,28600000,44000,28556000,1,20240509
OD0185,OD0185-1,P004,WH08,R05,E008,2024-05-04,65,5.85,SHP00319,98,0.09,950000,61750000,130000,61620000,1,20240504
OD0186,OD0186-1,P003,WH01,R01,E001,2024-05-23,44,4.97,SHP00320,98,0.113,1650000,72600000,88000,72512000,1,20240523
OD0186,OD0186-2,P003,WH01,R01,E001,2024-05-24,70,7.91,SHP00321,93,0.113,1650000,115500000,140000,115360000,1,20240524
OD0186,OD0186-3,P003,WH01,R01,E001,2024-05-25,59,6.67,SHP00322,94,0.113,1650000,97350000,118000,97232000,1,20240525
OD0187,OD0187-1,P013,WH04,R02,E004,2024-06-06,69,4.9,SHP00323,96,0.071,850000,58650000,138000,58512000,1,20240606
OD0188,OD0188-1,P010,WH07,R04,E007,2024-05-20,30,3.39,SHP00324,92,0.113,3500000,105000000,60000,104940000,1,20240520
OD0188,OD0188-2,P010,WH07,R04,E007,2024-05-23,131,14.8,SHP00325,98,0.113,3500000,458500000,262000,458238000,1,20240523
OD0189,OD0189-1,P009,WH04,R02,E004,2024-05-20,129,14.45,SHP00326,91,0.112,2400000,309600000,258000,309342000,0,20240520
OD0189,OD0189-2,P009,WH04,R02,E004,2024-05-26,43,4.82,SHP00327,96,0.112,2400000,103200000,86000,103114000,1,20240526
OD0190,OD0190-1,P015,WH03,R02,E003,2024-05-26,35,2.06,SHP00328,97,0.059,900000,31500000,70000,31430000,1,20240526
OD0190,OD0190-2,P015,WH03,R02,E003,2024-05-28,88,5.19,SHP00329,98,0.059,900000,79200000,176000,79024000,1,20240528
OD0190,OD0190-3,P015,WH03,R02,E003,2024-05-30,60,3.54,SHP00330,92,0.059,900000,54000000,120000,53880000,1,20240530
OD0191,OD0191-1,P012,WH06,R03,E006,2024-05-17,160,19.84,SHP00331,99,0.124,1050000,168000000,320000,167680000,1,20240517
OD0191,OD0191-2,P012,WH06,R03,E006,2024-05-20,54,6.7,SHP00332,91,0.124,1050000,56700000,108000,56592000,0,20240520
OD0192,OD0192-1,P006,WH01,R01,E009,2024-05-09,51,2.09,SHP00333,97,0.041,800000,40800000,102000,40698000,1,20240509
OD0192,OD0192-2,P006,WH01,R01,E009,2024-05-16,17,0.7,SHP00334,95,0.041,800000,13600000,34000,13566000,1,20240516
OD0193,OD0193-1,P009,WH01,R01,E001,2024-05-06,53,5.94,SHP00335,94,0.112,2400000,127200000,106000,127094000,1,20240506
OD0193,OD0193-2,P009,WH01,R01,E001,2024-05-10,19,2.13,SHP00336,91,0.112,2400000,45600000,38000,45562000,0,20240510
OD0194,OD0194-1,P001,WH01,R01,E009,2024-06-05,113,10.85,SHP00337,96,0.096,1250000,141250000,226000,141024000,1,20240605
OD0196,OD0196-1,P012,WH07,R04,E007,2024-05-18,91,11.28,SHP00338,100,0.124,1050000,95550000,182000,95368000,1,20240518
OD0196,OD0196-2,P012,WH07,R04,E007,2024-05-28,8,0.99,SHP00339,93,0.124,1050000,8400000,16000,8384000,1,20240528
OD0196,OD0196-3,P012,WH07,R04,E007,2024-05-30,47,5.83,SHP00340,95,0.124,1050000,49350000,94000,49256000,1,20240530
OD0199,OD0199-1,P007,WH08,R05,E008,2024-05-03,16,0.8,SHP00341,100,0.05,2100000,33600000,32000,33568000,1,20240503
OD0199,OD0199-2,P007,WH08,R05,E008,2024-05-05,141,7.05,SHP00342,93,0.05,2100000,296100000,282000,295818000,1,20240505
OD0200,OD0200-1,P010,WH02,R01,E002,2024-05-27,36,4.07,SHP00343,91,0.113,3500000,126000000,72000,125928000,0,20240527
OD0200,OD0200-2,P010,WH02,R01,E002,2024-05-30,54,6.1,SHP00344,99,0.113,3500000,189000000,108000,188892000,1,20240530
OD0201,OD0201-1,P003,WH04,R02,E004,2024-05-11,42,4.75,SHP00345,96,0.113,1650000,69300000,84000,69216000,1,20240511
OD0201,OD0201-2,P003,WH04,R02,E004,2024-05-11,51,5.76,SHP00346,99,0.113,1650000,84150000,102000,84048000,1,20240511
OD0202,OD0202-1,P011,WH08,R05,E008,2024-05-16,72,9.0,SHP00347,97,0.125,1900000,136800000,144000,136656000,1,20240516
OD0202,OD0202-2,P011,WH08,R05,E008,2024-05-17,26,3.25,SHP00348,98,0.125,1900000,49400000,52000,49348000,1,20240517
OD0202,OD0202-3,P011,WH08,R05,E008,2024-05-20,66,8.25,SHP00349,99,0.125,1900000,125400000,132000,125268000,1,20240520
OD0203,OD0203-1,P015,WH03,R02,E003,2024-05-25,24,1.42,SHP00350,92,0.059,900000,21600000,48000,21552000,1,20240525
OD0203,OD0203-2,P015,WH03,R02,E003,2024-06-02,175,10.32,SHP00351,97,0.059,900000,157500000,350000,157150000,1,20240602
OD0205,OD0205-1,P014,WH05,R03,E005,2024-05-19,164,11.32,SHP00352,95,0.069,1300000,213200000,328000,212872000,1,20240519
OD0206,OD0206-1,P016,WH02,R01,E002,2024-07-03,177,32.74,SHP00353,97,0.185,5800000,1026600000,354000,1026246000,1,20240703
OD0207,OD0207-1,P013,WH03,R02,E003,2024-06-21,89,6.32,SHP00354,95,0.071,850000,75650000,178000,75472000,1,20240621
OD0208,OD0208-1,P010,WH06,R03,E006,2024-06-03,21,2.37,SHP00355,91,0.113,3500000,73500000,42000,73458000,0,20240603
OD0208,OD0208-2,P010,WH06,R03,E006,2024-06-13,34,3.84,SHP00356,99,0.113,3500000,119000000,68000,118932000,1,20240613
OD0208,OD0208-3,P010,WH06,R03,E006,2024-06-15,36,4.07,SHP00357,92,0.113,3500000,126000000,72000,125928000,1,20240615
OD0209,OD0209-1,P014,WH02,R01,E002,2024-06-21,35,2.42,SHP00358,92,0.069,1300000,45500000,70000,45430000,1,20240621
OD0209,OD0209-2,P014,WH02,R01,E002,2024-06-22,37,2.55,SHP00359,91,0.069,1300000,48100000,74000,48026000,0,20240622
OD0209,OD0209-3,P014,WH02,R01,E002,2024-06-28,12,0.83,SHP00360,99,0.069,1300000,15600000,24000,15576000,1,20240628
OD0210,OD0210-1,P016,WH06,R03,E006,2024-06-06,67,12.39,SHP00361,92,0.185,5800000,388600000,134000,388466000,1,20240606
OD0210,OD0210-2,P016,WH06,R03,E006,2024-06-10,21,3.88,SHP00362,92,0.185,5800000,121800000,42000,121758000,1,20240610
OD0210,OD0210-3,P016,WH06,R03,E006,2024-06-12,11,2.04,SHP00363,100,0.185,5800000,63800000,22000,63778000,1,20240612
OD0211,OD0211-1,P015,WH04,R02,E004,2024-07-02,42,2.48,SHP00364,92,0.059,900000,37800000,84000,37716000,1,20240702
OD0211,OD0211-2,P015,WH04,R02,E004,2024-07-04,103,6.08,SHP00365,97,0.059,900000,92700000,206000,92494000,1,20240704
OD0212,OD0212-1,P012,WH04,R02,E004,2024-06-11,128,15.87,SHP00366,92,0.124,1050000,134400000,256000,134144000,1,20240611
OD0212,OD0212-2,P012,WH04,R02,E004,2024-06-17,37,4.59,SHP00367,91,0.124,1050000,38850000,74000,38776000,0,20240617
OD0213,OD0213-1,P002,WH08,R05,E008,2024-06-27,154,15.71,SHP00368,97,0.102,1050000,161700000,308000,161392000,1,20240627
OD0214,OD0214-1,P003,WH06,R03,E006,2024-06-08,50,5.65,SHP00369,97,0.113,1650000,82500000,100000,82400000,1,20240608
OD0214,OD0214-2,P003,WH06,R03,E006,2024-06-11,55,6.21,SHP00370,96,0.113,1650000,90750000,110000,90640000,1,20240611
OD0215,OD0215-1,P003,WH04,R02,E004,2024-06-23,32,3.62,SHP00371,95,0.113,1650000,52800000,64000,52736000,1,20240623
OD0215,OD0215-2,P003,WH04,R02,E004,2024-06-24,89,10.06,SHP00372,94,0.113,1650000,146850000,178000,146672000,1,20240624
OD0216,OD0216-1,P008,WH02,R01,E002,2024-06-21,28,1.62,SHP00373,93,0.058,750000,21000000,56000,20944000,1,20240621
OD0216,OD0216-2,P008,WH02,R01,E002,2024-06-23,17,0.99,SHP00374,96,0.058,750000,12750000,34000,12716000,1,20240623
OD0216,OD0216-3,P008,WH02,R01,E002,2024-06-23,20,1.16,SHP00375,94,0.058,750000,15000000,40000,14960000,1,20240623
OD0217,OD0217-1,P002,WH06,R03,E006,2024-06-15,48,4.9,SHP00376,100,0.102,1050000,50400000,96000,50304000,1,20240615
OD0217,OD0217-2,P002,WH06,R03,E006,2024-06-18,23,2.35,SHP00377,94,0.102,1050000,24150000,46000,24104000,1,20240618
OD0217,OD0217-3,P002,WH06,R03,E006,2024-06-25,108,11.02,SHP00378,99,0.102,1050000,113400000,216000,113184000,1,20240625
OD0218,OD0218-1,P008,WH06,R03,E006,2024-06-05,90,5.22,SHP00379,99,0.058,750000,67500000,180000,67320000,1,20240605
OD0218,OD0218-2,P008,WH06,R03,E006,2024-06-08,79,4.58,SHP00380,98,0.058,750000,59250000,158000,59092000,1,20240608
OD0219,OD0219-1,P001,WH01,R01,E001,2024-06-22,160,15.36,SHP00381,94,0.096,1250000,200000000,320000,199680000,1,20240622
OD0220,OD0220-1,P001,WH05,R03,E005,2024-07-05,100,9.6,SHP00382,97,0.096,1250000,125000000,200000,124800000,1,20240705
OD0220,OD0220-2,P001,WH05,R03,E005,2024-07-07,54,5.18,SHP00383,91,0.096,1250000,67500000,108000,67392000,0,20240707
OD0221,OD0221-1,P009,WH02,R01,E002,2024-06-13,173,19.38,SHP00384,96,0.112,2400000,415200000,346000,414854000,1,20240613
OD0222,OD0222-1,P013,WH02,R01,E002,2024-06-30,87,6.18,SHP00385,95,0.071,850000,73950000,174000,73776000,1,20240630
OD0223,OD0223-1,P009,WH08,R05,E008,2024-06-13,63,7.06,SHP00386,97,0.112,2400000,151200000,126000,151074000,1,20240613
OD0224,OD0224-1,P012,WH05,R03,E005,2024-06-13,17,2.11,SHP00387,95,0.124,1050000,17850000,34000,17816000,1,20240613
OD0224,OD0224-2,P012,WH05,R03,E005,2024-06-15,72,8.93,SHP00388,93,0.124,1050000,75600000,144000,75456000,1,20240615
OD0224,OD0224-3,P012,WH05,R03,E005,2024-06-21,82,10.17,SHP00389,100,0.124,1050000,86100000,164000,85936000,1,20240621
OD0225,OD0225-1,P014,WH03,R02,E003,2024-06-17,5,0.35,SHP00390,94,0.069,1300000,6500000,10000,6490000,1,20240617
OD0225,OD0225-2,P014,WH03,R02,E003,2024-06-22,92,6.35,SHP00391,99,0.069,1300000,119600000,184000,119416000,1,20240622
OD0226,OD0226-1,P008,WH07,R04,E007,2024-06-24,55,3.19,SHP00392,100,0.058,750000,41250000,110000,41140000,1,20240624
OD0226,OD0226-2,P008,WH07,R04,E007,2024-06-24,6,0.35,SHP00393,91,0.058,750000,4500000,12000,4488000,0,20240624
OD0226,OD0226-3,P008,WH07,R04,E007,2024-06-27,9,0.52,SHP00394,95,0.058,750000,6750000,18000,6732000,1,20240627
OD0227,OD0227-1,P001,WH02,R01,E002,2024-06-13,146,14.02,SHP00395,96,0.096,1250000,182500000,292000,182208000,1,20240613
OD0228,OD0228-1,P015,WH07,R04,E007,2024-06-30,39,2.3,SHP00396,94,0.059,900000,35100000,78000,35022000,1,20240630
OD0228,OD0228-2,P015,WH07,R04,E007,2024-07-02,18,1.06,SHP00397,100,0.059,900000,16200000,36000,16164000,1,20240702
OD0230,OD0230-1,P002,WH05,R03,E010,2024-07-02,9,0.92,SHP00398,91,0.102,1050000,9450000,18000,9432000,0,20240702
OD0230,OD0230-2,P002,WH05,R03,E010,2024-07-03,12,1.22,SHP00399,100,0.102,1050000,12600000,24000,12576000,1,20240703
OD0230,OD0230-3,P002,WH05,R03,E010,2024-07-03,39,3.98,SHP00400,98,0.102,1050000,40950000,78000,40872000,1,20240703
OD0231,OD0231-1,P008,WH06,R03,E006,2024-06-21,4,0.23,SHP00401,96,0.058,750000,3000000,8000,2992000,1,20240621
OD0231,OD0231-2,P008,WH06,R03,E006,2024-06-25,38,2.2,SHP00402,96,0.058,750000,28500000,76000,28424000,1,20240625
OD0231,OD0231-3,P008,WH06,R03,E006,2024-06-25,93,5.39,SHP00403,92,0.058,750000,69750000,186000,69564000,1,20240625
OD0232,OD0232-1,P011,WH08,R05,E008,2024-06-27,74,9.25,SHP00404,95,0.125,1900000,140600000,148000,140452000,1,20240627
OD0233,OD0233-1,P012,WH08,R05,E008,2024-06-28,60,7.44,SHP00405,100,0.124,1050000,63000000,120000,62880000,1,20240628
OD0233,OD0233-2,P012,WH08,R05,E008,2024-07-02,57,7.07,SHP00406,99,0.124,1050000,59850000,114000,59736000,1,20240702
OD0233,OD0233-3,P012,WH08,R05,E008,2024-07-04,10,1.24,SHP00407,94,0.124,1050000,10500000,20000,10480000,1,20240704
OD0234,OD0234-1,P016,WH06,R03,E006,2024-06-12,13,2.4,SHP00408,91,0.185,5800000,75400000,26000,75374000,0,20240612
OD0234,OD0234-2,P016,WH06,R03,E006,2024-06-18,30,5.55,SHP00409,100,0.185,5800000,174000000,60000,173940000,1,20240618
OD0234,OD0234-3,P016,WH06,R03,E006,2024-06-22,31,5.74,SHP00410,93,0.185,5800000,179800000,62000,179738000,1,20240622
OD0235,OD0235-1,P004,WH04,R02,E004,2024-06-06,72,6.48,SHP00411,100,0.09,950000,68400000,144000,68256000,1,20240606
OD0236,OD0236-1,P012,WH05,R03,E010,2024-06-02,39,4.84,SHP00412,99,0.124,1050000,40950000,78000,40872000,1,20240602
OD0236,OD0236-2,P012,WH05,R03,E010,2024-06-05,2,0.25,SHP00413,97,0.124,1050000,2100000,4000,2096000,1,20240605
OD0236,OD0236-3,P012,WH05,R03,E010,2024-06-14,12,1.49,SHP00414,99,0.124,1050000,12600000,24000,12576000,1,20240614
OD0237,OD0237-1,P009,WH07,R04,E007,2024-06-02,14,1.57,SHP00415,99,0.112,2400000,33600000,28000,33572000,1,20240602
OD0237,OD0237-2,P009,WH07,R04,E007,2024-06-06,71,7.95,SHP00416,91,0.112,2400000,170400000,142000,170258000,0,20240606
OD0238,OD0238-1,P014,WH01,R01,E009,2024-06-06,56,3.86,SHP00417,95,0.069,1300000,72800000,112000,72688000,1,20240606
OD0238,OD0238-2,P014,WH01,R01,E009,2024-06-07,36,2.48,SHP00418,95,0.069,1300000,46800000,72000,46728000,1,20240607
OD0239,OD0239-1,P011,WH05,R03,E005,2024-06-22,52,6.5,SHP00419,91,0.125,1900000,98800000,104000,98696000,0,20240622
OD0239,OD0239-2,P011,WH05,R03,E005,2024-06-23,46,5.75,SHP00420,92,0.125,1900000,87400000,92000,87308000,1,20240623
OD0240,OD0240-1,P007,WH04,R02,E004,2024-06-22,3,0.15,SHP00421,98,0.05,2100000,6300000,6000,6294000,1,20240622
OD0240,OD0240-2,P007,WH04,R02,E004,2024-06-24,117,5.85,SHP00422,99,0.05,2100000,245700000,234000,245466000,1,20240624
OD0240,OD0240-3,P007,WH04,R02,E004,2024-06-25,60,3.0,SHP00423,99,0.05,2100000,126000000,120000,125880000,1,20240625
OD0241,OD0241-1,P012,WH07,R04,E007,2024-06-30,24,2.98,SHP00424,95,0.124,1050000,25200000,48000,25152000,1,20240630
OD0241,OD0241-2,P012,WH07,R04,E007,2024-07-05,131,16.24,SHP00425,99,0.124,1050000,137550000,262000,137288000,1,20240705
OD0241,OD0241-3,P012,WH07,R04,E007,2024-07-08,18,2.23,SHP00426,94,0.124,1050000,18900000,36000,18864000,1,20240708
OD0243,OD0243-1,P002,WH03,R02,E003,2024-06-13,44,4.49,SHP00427,91,0.102,1050000,46200000,88000,46112000,0,20240613
OD0243,OD0243-2,P002,WH03,R02,E003,2024-06-14,40,4.08,SHP00428,94,0.102,1050000,42000000,80000,41920000,1,20240614
OD0243,OD0243-3,P002,WH03,R02,E003,2024-06-17,26,2.65,SHP00429,91,0.102,1050000,27300000,52000,27248000,0,20240617
OD0244,OD0244-1,P013,WH04,R02,E004,2024-06-26,144,10.22,SHP00430,97,0.071,850000,122400000,288000,122112000,1,20240626
OD0244,OD0244-2,P013,WH04,R02,E004,2024-06-27,16,1.14,SHP00431,97,0.071,850000,13600000,32000,13568000,1,20240627
OD0245,OD0245-1,P015,WH07,R04,E007,2024-07-03,60,3.54,SHP00432,93,0.059,900000,54000000,120000,53880000,1,20240703
OD0245,OD0245-2,P015,WH07,R04,E007,2024-07-05,33,1.95,SHP00433,93,0.059,900000,29700000,66000,29634000,1,20240705
OD0245,OD0245-3,P015,WH07,R04,E007,2024-07-05,6,0.35,SHP00434,97,0.059,900000,5400000,12000,5388000,1,20240705
OD0246,OD0246-1,P001,WH08,R05,E008,2024-06-12,19,1.82,SHP00435,100,0.096,1250000,23750000,38000,23712000,1,20240612
OD0246,OD0246-2,P001,WH08,R05,E008,2024-06-12,64,6.14,SHP00436,94,0.096,1250000,80000000,128000,79872000,1,20240612
OD0246,OD0246-3,P001,WH08,R05,E008,2024-06-14,95,9.12,SHP00437,94,0.096,1250000,118750000,190000,118560000,1,20240614
OD0248,OD0248-1,P002,WH04,R02,E004,2024-06-23,17,1.73,SHP00438,94,0.102,1050000,17850000,34000,17816000,1,20240623
OD0248,OD0248-2,P002,WH04,R02,E004,2024-06-25,150,15.3,SHP00439,97,0.102,1050000,157500000,300000,157200000,1,20240625
OD0248,OD0248-3,P002,WH04,R02,E004,2024-06-29,8,0.82,SHP00440,98,0.102,1050000,8400000,16000,8384000,1,20240629
OD0249,OD0249-1,P009,WH03,R02,E003,2024-06-12,44,4.93,SHP00441,95,0.112,2400000,105600000,88000,105512000,1,20240612
OD0249,OD0249-2,P009,WH03,R02,E003,2024-06-18,19,2.13,SHP00442,99,0.112,2400000,45600000,38000,45562000,1,20240618
OD0249,OD0249-3,P009,WH03,R02,E003,2024-06-22,6,0.67,SHP00443,91,0.112,2400000,14400000,12000,14388000,0,20240622
OD0250,OD0250-1,P004,WH05,R03,E005,2024-06-23,62,5.58,SHP00444,92,0.09,950000,58900000,124000,58776000,1,20240623
OD0251,OD0251-1,P016,WH06,R03,E006,2024-07-16,44,8.14,SHP00445,96,0.185,5800000,255200000,88000,255112000,1,20240716
OD0251,OD0251-2,P016,WH06,R03,E006,2024-07-17,49,9.06,SHP00446,94,0.185,5800000,284200000,98000,284102000,1,20240717
OD0252,OD0252-1,P009,WH07,R04,E007,2024-07-31,137,15.34,SHP00447,95,0.112,2400000,328800000,274000,328526000,1,20240731
OD0252,OD0252-2,P009,WH07,R04,E007,2024-07-31,35,3.92,SHP00448,92,0.112,2400000,84000000,70000,83930000,1,20240731
OD0253,OD0253-1,P004,WH07,R04,E007,2024-07-12,14,1.26,SHP00449,99,0.09,950000,13300000,28000,13272000,1,20240712
OD0253,OD0253-2,P004,WH07,R04,E007,2024-07-12,35,3.15,SHP00450,96,0.09,950000,33250000,70000,33180000,1,20240712
OD0253,OD0253-3,P004,WH07,R04,E007,2024-07-15,29,2.61,SHP00451,93,0.09,950000,27550000,58000,27492000,1,20240715
OD0254,OD0254-1,P005,WH04,R02,E004,2024-07-16,97,6.69,SHP00452,100,0.069,950000,92150000,194000,91956000,1,20240716
OD0255,OD0255-1,P015,WH03,R02,E003,2024-07-25,9,0.53,SHP00453,97,0.059,900000,8100000,18000,8082000,1,20240725
OD0255,OD0255-2,P015,WH03,R02,E003,2024-07-25,170,10.03,SHP00454,96,0.059,900000,153000000,340000,152660000,1,20240725
OD0257,OD0257-1,P006,WH03,R02,E003,2024-07-25,108,4.43,SHP00455,93,0.041,800000,86400000,216000,86184000,1,20240725
OD0258,OD0258-1,P012,WH04,R02,E004,2024-07-31,145,17.98,SHP00456,91,0.124,1050000,152250000,290000,151960000,0,20240731
OD0259,OD0259-1,P003,WH08,R05,E008,2024-07-07,133,15.03,SHP00457,93,0.113,1650000,219450000,266000,219184000,1,20240707
OD0260,OD0260-1,P012,WH06,R03,E006,2024-07-06,5,0.62,SHP00458,91,0.124,1050000,5250000,10000,5240000,0,20240706
OD0260,OD0260-2,P012,WH06,R03,E006,2024-07-08,35,4.34,SHP00459,91,0.124,1050000,36750000,70000,36680000,0,20240708
OD0260,OD0260-3,P012,WH06,R03,E006,2024-07-08,104,12.9,SHP00460,91,0.124,1050000,109200000,208000,108992000,0,20240708
OD0261,OD0261-1,P011,WH03,R02,E003,2024-07-15,5,0.62,SHP00461,91,0.125,1900000,9500000,10000,9490000,0,20240715
OD0261,OD0261-2,P011,WH03,R02,E003,2024-07-16,111,13.88,SHP00462,99,0.125,1900000,210900000,222000,210678000,1,20240716
OD0262,OD0262-1,P014,WH03,R02,E003,2024-07-14,34,2.35,SHP00463,92,0.069,1300000,44200000,68000,44132000,1,20240714
OD0262,OD0262-2,P014,WH03,R02,E003,2024-07-16,124,8.56,SHP00464,98,0.069,1300000,161200000,248000,160952000,1,20240716
OD0263,OD0263-1,P004,WH08,R05,E008,2024-07-18,160,14.4,SHP00465,91,0.09,950000,152000000,320000,151680000,0,20240718
OD0264,OD0264-1,P011,WH01,R01,E009,2024-07-29,20,2.5,SHP00466,91,0.125,1900000,38000000,40000,37960000,0,20240729
OD0264,OD0264-2,P011,WH01,R01,E009,2024-07-29,62,7.75,SHP00467,100,0.125,1900000,117800000,124000,117676000,1,20240729
OD0265,OD0265-1,P009,WH07,R04,E007,2024-07-08,18,2.02,SHP00468,100,0.112,2400000,43200000,36000,43164000,1,20240708
OD0265,OD0265-2,P009,WH07,R04,E007,2024-07-10,54,6.05,SHP00469,100,0.112,2400000,129600000,108000,129492000,1,20240710
OD0265,OD0265-3,P009,WH07,R04,E007,2024-07-12,10,1.12,SHP00470,99,0.112,2400000,24000000,20000,23980000,1,20240712
OD0266,OD0266-1,P003,WH06,R03,E006,2024-07-13,40,4.52,SHP00471,100,0.113,1650000,66000000,80000,65920000,1,20240713
OD0266,OD0266-2,P003,WH06,R03,E006,2024-07-16,18,2.03,SHP00472,95,0.113,1650000,29700000,36000,29664000,1,20240716
OD0266,OD0266-3,P003,WH06,R03,E006,2024-07-17,77,8.7,SHP00473,95,0.113,1650000,127050000,154000,126896000,1,20240717
OD0267,OD0267-1,P006,WH07,R04,E007,2024-07-14,20,0.82,SHP00474,98,0.041,800000,16000000,40000,15960000,1,20240714
OD0267,OD0267-2,P006,WH07,R04,E007,2024-07-16,160,6.56,SHP00475,96,0.041,800000,128000000,320000,127680000,1,20240716
OD0268,OD0268-1,P006,WH03,R02,E003,2024-07-11,11,0.45,SHP00476,92,0.041,800000,8800000,22000,8778000,1,20240711
OD0268,OD0268-2,P006,WH03,R02,E003,2024-07-12,29,1.19,SHP00477,96,0.041,800000,23200000,58000,23142000,1,20240712
OD0268,OD0268-3,P006,WH03,R02,E003,2024-07-12,16,0.66,SHP00478,97,0.041,800000,12800000,32000,12768000,1,20240712
OD0269,OD0269-1,P010,WH06,R03,E006,2024-07-13,85,9.61,SHP00479,97,0.113,3500000,297500000,170000,297330000,1,20240713
OD0269,OD0269-2,P010,WH06,R03,E006,2024-07-17,23,2.6,SHP00480,95,0.113,3500000,80500000,46000,80454000,1,20240717
OD0270,OD0270-1,P016,WH05,R03,E005,2024-07-26,49,9.06,SHP00481,100,0.185,5800000,284200000,98000,284102000,1,20240726
OD0270,OD0270-2,P016,WH05,R03,E005,2024-07-28,89,16.46,SHP00482,93,0.185,5800000,516200000,178000,516022000,1,20240728
OD0272,OD0272-1,P006,WH05,R03,E005,2024-07-03,35,1.44,SHP00483,100,0.041,800000,28000000,70000,27930000,1,20240703
OD0272,OD0272-2,P006,WH05,R03,E005,2024-07-11,10,0.41,SHP00484,95,0.041,800000,8000000,20000,7980000,1,20240711
OD0272,OD0272-3,P006,WH05,R03,E005,2024-07-13,42,1.72,SHP00485,100,0.041,800000,33600000,84000,33516000,1,20240713
OD0273,OD0273-1,P008,WH03,R02,E003,2024-07-12,172,9.98,SHP00486,91,0.058,750000,129000000,344000,128656000,0,20240712
OD0273,OD0273-2,P008,WH03,R02,E003,2024-07-13,3,0.17,SHP00487,94,0.058,750000,2250000,6000,2244000,1,20240713
OD0274,OD0274-1,P007,WH01,R01,E009,2024-07-03,102,5.1,SHP00488,100,0.05,2100000,214200000,204000,213996000,1,20240703
OD0274,OD0274-2,P007,WH01,R01,E009,2024-07-07,53,2.65,SHP00489,94,0.05,2100000,111300000,106000,111194000,1,20240707
OD0275,OD0275-1,P014,WH01,R01,E009,2024-07-20,18,1.24,SHP00490,93,0.069,1300000,23400000,36000,23364000,1,20240720
OD0275,OD0275-2,P014,WH01,R01,E009,2024-07-25,6,0.41,SHP00491,96,0.069,1300000,7800000,12000,7788000,1,20240725
OD0275,OD0275-3,P014,WH01,R01,E009,2024-07-26,92,6.35,SHP00492,94,0.069,1300000,119600000,184000,119416000,1,20240726
OD0276,OD0276-1,P015,WH07,R04,E007,2024-08-05,152,8.97,SHP00493,98,0.059,900000,136800000,304000,136496000,1,20240805
OD0277,OD0277-1,P008,WH01,R01,E001,2024-07-13,70,4.06,SHP00494,92,0.058,750000,52500000,140000,52360000,1,20240713
OD0278,OD0278-1,P001,WH08,R05,E008,2024-07-25,61,5.86,SHP00495,92,0.096,1250000,76250000,122000,76128000,1,20240725
OD0278,OD0278-2,P001,WH08,R05,E008,2024-07-27,3,0.29,SHP00496,94,0.096,1250000,3750000,6000,3744000,1,20240727
OD0279,OD0279-1,P007,WH05,R03,E005,2024-07-24,67,3.35,SHP00497,95,0.05,2100000,140700000,134000,140566000,1,20240724
OD0279,OD0279-2,P007,WH05,R03,E005,2024-07-29,61,3.05,SHP00498,96,0.05,2100000,128100000,122000,127978000,1,20240729
OD0280,OD0280-1,P015,WH08,R05,E008,2024-07-08,42,2.48,SHP00499,99,0.059,900000,37800000,84000,37716000,1,20240708
OD0280,OD0280-2,P015,WH08,R05,E008,2024-07-13,49,2.89,SHP00500,97,0.059,900000,44100000,98000,44002000,1,20240713
OD0281,OD0281-1,P004,WH05,R03,E010,2024-07-29,102,9.18,SHP00501,92,0.09,950000,96900000,204000,96696000,1,20240729
OD0281,OD0281-2,P004,WH05,R03,E010,2024-07-30,9,0.81,SHP00502,98,0.09,950000,8550000,18000,8532000,1,20240730
OD0282,OD0282-1,P015,WH05,R03,E005,2024-08-01,141,8.32,SHP00503,92,0.059,900000,126900000,282000,126618000,1,20240801
OD0283,OD0283-1,P015,WH05,R03,E005,2024-07-14,24,1.42,SHP00504,91,0.059,900000,21600000,48000,21552000,0,20240714
OD0283,OD0283-2,P015,WH05,R03,E005,2024-07-19,94,5.55,SHP00505,92,0.059,900000,84600000,188000,84412000,1,20240719
OD0284,OD0284-1,P013,WH05,R03,E010,2024-07-05,5,0.35,SHP00506,93,0.071,850000,4250000,10000,4240000,1,20240705
OD0284,OD0284-2,P013,WH05,R03,E010,2024-07-08,9,0.64,SHP00507,98,0.071,850000,7650000,18000,7632000,1,20240708
OD0284,OD0284-3,P013,WH05,R03,E010,2024-07-14,92,6.53,SHP00508,95,0.071,850000,78200000,184000,78016000,1,20240714
OD0285,OD0285-1,P015,WH06,R03,E006,2024-07-13,6,0.35,SHP00509,92,0.059,900000,5400000,12000,5388000,1,20240713
OD0285,OD0285-2,P015,WH06,R03,E006,2024-07-14,38,2.24,SHP00510,94,0.059,900000,34200000,76000,34124000,1,20240714
OD0285,OD0285-3,P015,WH06,R03,E006,2024-07-16,82,4.84,SHP00511,91,0.059,900000,73800000,164000,73636000,0,20240716
OD0287,OD0287-1,P007,WH06,R03,E006,2024-07-26,64,3.2,SHP00512,94,0.05,2100000,134400000,128000,134272000,1,20240726
OD0287,OD0287-2,P007,WH06,R03,E006,2024-07-31,31,1.55,SHP00513,97,0.05,2100000,65100000,62000,65038000,1,20240731
OD0288,OD0288-1,P006,WH03,R02,E003,2024-07-20,49,2.01,SHP00514,97,0.041,800000,39200000,98000,39102000,1,20240720
OD0288,OD0288-2,P006,WH03,R02,E003,2024-07-21,3,0.12,SHP00515,92,0.041,800000,2400000,6000,2394000,1,20240721
OD0288,OD0288-3,P006,WH03,R02,E003,2024-07-25,14,0.57,SHP00516,95,0.041,800000,11200000,28000,11172000,1,20240725
OD0289,OD0289-1,P004,WH06,R03,E006,2024-08-02,90,8.1,SHP00517,92,0.09,950000,85500000,180000,85320000,1,20240802
OD0290,OD0290-1,P002,WH06,R03,E006,2024-07-29,17,1.73,SHP00518,100,0.102,1050000,17850000,34000,17816000,1,20240729
OD0290,OD0290-2,P002,WH06,R03,E006,2024-07-30,6,0.61,SHP00519,92,0.102,1050000,6300000,12000,6288000,1,20240730
OD0290,OD0290-3,P002,WH06,R03,E006,2024-08-01,31,3.16,SHP00520,97,0.102,1050000,32550000,62000,32488000,1,20240801
OD0291,OD0291-1,P008,WH01,R01,E009,2024-07-27,15,0.87,SHP00521,99,0.058,750000,11250000,30000,11220000,1,20240727
OD0291,OD0291-2,P008,WH01,R01,E009,2024-07-29,44,2.55,SHP00522,96,0.058,750000,33000000,88000,32912000,1,20240729
OD0291,OD0291-3,P008,WH01,R01,E009,2024-08-02,54,3.13,SHP00523,92,0.058,750000,40500000,108000,40392000,1,20240802
OD0292,OD0292-1,P015,WH06,R03,E006,2024-08-04,1,0.06,SHP00524,94,0.059,900000,900000,2000,898000,1,20240804
OD0292,OD0292-2,P015,WH06,R03,E006,2024-08-06,88,5.19,SHP00525,94,0.059,900000,79200000,176000,79024000,1,20240806
OD0294,OD0294-1,P006,WH01,R01,E001,2024-07-15,34,1.39,SHP00526,94,0.041,800000,27200000,68000,27132000,1,20240715
OD0294,OD0294-2,P006,WH01,R01,E001,2024-07-15,59,2.42,SHP00527,96,0.041,800000,47200000,118000,47082000,1,20240715
OD0294,OD0294-3,P006,WH01,R01,E001,2024-07-20,80,3.28,SHP00528,96,0.041,800000,64000000,160000,63840000,1,20240720
OD0295,OD0295-1,P006,WH07,R04,E007,2024-08-02,73,2.99,SHP00529,91,0.041,800000,58400000,146000,58254000,0,20240802
OD0295,OD0295-2,P006,WH07,R04,E007,2024-08-05,22,0.9,SHP00530,100,0.041,800000,17600000,44000,17556000,1,20240805
OD0296,OD0296-1,P006,WH04,R02,E004,2024-07-26,117,4.8,SHP00531,95,0.041,800000,93600000,234000,93366000,1,20240726
OD0297,OD0297-1,P012,WH03,R02,E003,2024-07-08,9,1.12,SHP00532,96,0.124,1050000,9450000,18000,9432000,1,20240708
OD0297,OD0297-2,P012,WH03,R02,E003,2024-07-15,23,2.85,SHP00533,96,0.124,1050000,24150000,46000,24104000,1,20240715
OD0297,OD0297-3,P012,WH03,R02,E003,2024-07-16,21,2.6,SHP00534,91,0.124,1050000,22050000,42000,22008000,0,20240716
OD0298,OD0298-1,P004,WH06,R03,E006,2024-07-08,70,6.3,SHP00535,97,0.09,950000,66500000,140000,66360000,1,20240708
OD0299,OD0299-1,P007,WH08,R05,E008,2024-08-14,14,0.7,SHP00536,95,0.05,2100000,29400000,28000,29372000,1,20240814
OD0299,OD0299-2,P007,WH08,R05,E008,2024-08-17,47,2.35,SHP00537,100,0.05,2100000,98700000,94000,98606000,1,20240817
OD0300,OD0300-1,P014,WH03,R02,E003,2024-08-06,31,2.14,SHP00538,99,0.069,1300000,40300000,62000,40238000,1,20240806
OD0301,OD0301-1,P010,WH03,R02,E003,2024-08-24,16,1.81,SHP00539,91,0.113,3500000,56000000,32000,55968000,0,20240824
OD0301,OD0301-2,P010,WH03,R02,E003,2024-08-27,20,2.26,SHP00540,92,0.113,3500000,70000000,40000,69960000,1,20240827
OD0301,OD0301-3,P010,WH03,R02,E003,2024-08-28,13,1.47,SHP00541,100,0.113,3500000,45500000,26000,45474000,1,20240828
OD0302,OD0302-1,P005,WH06,R03,E006,2024-08-13,29,2.0,SHP00542,94,0.069,950000,27550000,58000,27492000,1,20240813
OD0302,OD0302-2,P005,WH06,R03,E006,2024-08-15,3,0.21,SHP00543,91,0.069,950000,2850000,6000,2844000,0,20240815
OD0302,OD0302-3,P005,WH06,R03,E006,2024-08-24,4,0.28,SHP00544,96,0.069,950000,3800000,8000,3792000,1,20240824
OD0303,OD0303-1,P016,WH05,R03,E010,2024-08-26,14,2.59,SHP00545,94,0.185,5800000,81200000,28000,81172000,1,20240826
OD0303,OD0303-2,P016,WH05,R03,E010,2024-09-04,46,8.51,SHP00546,92,0.185,5800000,266800000,92000,266708000,1,20240904
OD0304,OD0304-1,P016,WH02,R01,E002,2024-08-29,46,8.51,SHP00547,91,0.185,5800000,266800000,92000,266708000,0,20240829
OD0304,OD0304-2,P016,WH02,R01,E002,2024-09-07,54,9.99,SHP00548,100,0.185,5800000,313200000,108000,313092000,1,20240907
OD0305,OD0305-1,P007,WH01,R01,E001,2024-08-27,22,1.1,SHP00549,98,0.05,2100000,46200000,44000,46156000,1,20240827
OD0306,OD0306-1,P003,WH03,R02,E003,2024-08-10,36,4.07,SHP00550,95,0.113,1650000,59400000,72000,59328000,1,20240810
OD0306,OD0306-2,P003,WH03,R02,E003,2024-08-24,69,7.8,SHP00551,94,0.113,1650000,113850000,138000,113712000,1,20240824
OD0307,OD0307-1,P005,WH02,R01,E002,2024-08-10,23,1.59,SHP00552,95,0.069,950000,21850000,46000,21804000,1,20240810
OD0307,OD0307-2,P005,WH02,R01,E002,2024-08-12,28,1.93,SHP00553,91,0.069,950000,26600000,56000,26544000,0,20240812
OD0307,OD0307-3,P005,WH02,R01,E002,2024-08-17,10,0.69,SHP00554,100,0.069,950000,9500000,20000,9480000,1,20240817
OD0308,OD0308-1,P001,WH07,R04,E007,2024-08-20,6,0.58,SHP00555,96,0.096,1250000,7500000,12000,7488000,1,20240820
OD0308,OD0308-2,P001,WH07,R04,E007,2024-08-23,22,2.11,SHP00556,96,0.096,1250000,27500000,44000,27456000,1,20240823
OD0309,OD0309-1,P010,WH04,R02,E004,2024-08-28,109,12.32,SHP00557,93,0.113,3500000,381500000,218000,381282000,1,20240828
OD0310,OD0310-1,P015,WH03,R02,E003,2024-08-15,29,1.71,SHP00558,98,0.059,900000,26100000,58000,26042000,1,20240815
OD0311,OD0311-1,P001,WH01,R01,E009,2024-08-25,17,1.63,SHP00559,91,0.096,1250000,21250000,34000,21216000,0,20240825
OD0311,OD0311-2,P001,WH01,R01,E009,2024-09-03,20,1.92,SHP00560,92,0.096,1250000,25000000,40000,24960000,1,20240903
OD0312,OD0312-1,P006,WH03,R02,E003,2024-08-18,105,4.31,SHP00561,99,0.041,800000,84000000,210000,83790000,1,20240818
OD0313,OD0313-1,P014,WH03,R02,E003,2024-08-24,60,4.14,SHP00562,92,0.069,1300000,78000000,120000,77880000,1,20240824
OD0313,OD0313-2,P014,WH03,R02,E003,2024-08-27,50,3.45,SHP00563,93,0.069,1300000,65000000,100000,64900000,1,20240827
OD0314,OD0314-1,P008,WH03,R02,E003,2024-08-27,69,4.0,SHP00564,97,0.058,750000,51750000,138000,51612000,1,20240827
OD0314,OD0314-2,P008,WH03,R02,E003,2024-08-29,10,0.58,SHP00565,95,0.058,750000,7500000,20000,7480000,1,20240829
OD0314,OD0314-3,P008,WH03,R02,E003,2024-08-29,15,0.87,SHP00566,98,0.058,750000,11250000,30000,11220000,1,20240829
OD0315,OD0315-1,P004,WH01,R01,E001,2024-09-01,31,2.79,SHP00567,94,0.09,950000,29450000,62000,29388000,1,20240901
OD0316,OD0316-1,P008,WH01,R01,E001,2024-08-21,15,0.87,SHP00568,91,0.058,750000,11250000,30000,11220000,0,20240821
OD0316,OD0316-2,P008,WH01,R01,E001,2024-08-25,23,1.33,SHP00569,93,0.058,750000,17250000,46000,17204000,1,20240825
OD0317,OD0317-1,P006,WH08,R05,E008,2024-08-29,80,3.28,SHP00570,95,0.041,800000,64000000,160000,63840000,1,20240829
OD0318,OD0318-1,P004,WH02,R01,E002,2024-08-24,10,0.9,SHP00571,93,0.09,950000,9500000,20000,9480000,1,20240824
OD0318,OD0318-2,P004,WH02,R01,E002,2024-08-27,24,2.16,SHP00572,99,0.09,950000,22800000,48000,22752000,1,20240827
OD0318,OD0318-3,P004,WH02,R01,E002,2024-08-28,21,1.89,SHP00573,93,0.09,950000,19950000,42000,19908000,1,20240828
OD0320,OD0320-1,P005,WH04,R02,E004,2024-08-29,19,1.31,SHP00574,100,0.069,950000,18050000,38000,18012000,1,20240829
OD0320,OD0320-2,P005,WH04,R02,E004,2024-08-29,62,4.28,SHP00575,100,0.069,950000,58900000,124000,58776000,1,20240829
OD0321,OD0321-1,P008,WH04,R02,E004,2024-08-08,101,5.86,SHP00576,98,0.058,750000,75750000,202000,75548000,1,20240808
OD0322,OD0322-1,P016,WH07,R04,E007,2024-08-24,33,6.1,SHP00577,99,0.185,5800000,191400000,66000,191334000,1,20240824
OD0322,OD0322-2,P016,WH07,R04,E007,2024-08-26,7,1.29,SHP00578,98,0.185,5800000,40600000,14000,40586000,1,20240826
OD0323,OD0323-1,P006,WH07,R04,E007,2024-08-19,54,2.21,SHP00579,94,0.041,800000,43200000,108000,43092000,1,20240819
OD0324,OD0324-1,P010,WH01,R01,E001,2024-08-13,6,0.68,SHP00580,94,0.113,3500000,21000000,12000,20988000,1,20240813
OD0324,OD0324-2,P010,WH01,R01,E001,2024-08-14,46,5.2,SHP00581,98,0.113,3500000,161000000,92000,160908000,1,20240814
OD0324,OD0324-3,P010,WH01,R01,E001,2024-08-17,4,0.45,SHP00582,91,0.113,3500000,14000000,8000,13992000,0,20240817
OD0325,OD0325-1,P002,WH07,R04,E007,2024-08-07,95,9.69,SHP00583,97,0.102,1050000,99750000,190000,99560000,1,20240807
OD0326,OD0326-1,P015,WH01,R01,E009,2024-08-11,4,0.24,SHP00584,95,0.059,900000,3600000,8000,3592000,1,20240811
OD0326,OD0326-2,P015,WH01,R01,E009,2024-08-15,10,0.59,SHP00585,100,0.059,900000,9000000,20000,8980000,1,20240815
OD0326,OD0326-3,P015,WH01,R01,E009,2024-08-15,54,3.19,SHP00586,97,0.059,900000,48600000,108000,48492000,1,20240815
OD0327,OD0327-1,P001,WH02,R01,E002,2024-08-07,32,3.07,SHP00587,96,0.096,1250000,40000000,64000,39936000,1,20240807
OD0327,OD0327-2,P001,WH02,R01,E002,2024-08-07,15,1.44,SHP00588,92,0.096,1250000,18750000,30000,18720000,1,20240807
OD0327,OD0327-3,P001,WH02,R01,E002,2024-08-10,6,0.58,SHP00589,95,0.096,1250000,7500000,12000,7488000,1,20240810
OD0328,OD0328-1,P015,WH02,R01,E002,2024-08-26,36,2.12,SHP00590,92,0.059,900000,32400000,72000,32328000,1,20240826
OD0328,OD0328-2,P015,WH02,R01,E002,2024-08-28,30,1.77,SHP00591,95,0.059,900000,27000000,60000,26940000,1,20240828
OD0329,OD0329-1,P007,WH07,R04,E007,2024-08-09,17,0.85,SHP00592,93,0.05,2100000,35700000,34000,35666000,1,20240809
OD0329,OD0329-2,P007,WH07,R04,E007,2024-08-09,57,2.85,SHP00593,93,0.05,2100000,119700000,114000,119586000,1,20240809
OD0330,OD0330-1,P014,WH07,R04,E007,2024-08-10,14,0.97,SHP00594,93,0.069,1300000,18200000,28000,18172000,1,20240810
OD0330,OD0330-2,P014,WH07,R04,E007,2024-08-15,28,1.93,SHP00595,93,0.069,1300000,36400000,56000,36344000,1,20240815
OD0330,OD0330-3,P014,WH07,R04,E007,2024-08-16,2,0.14,SHP00596,93,0.069,1300000,2600000,4000,2596000,1,20240816
OD0331,OD0331-1,P007,WH03,R02,E003,2024-08-31,75,3.75,SHP00597,100,0.05,2100000,157500000,150000,157350000,1,20240831
OD0331,OD0331-2,P007,WH03,R02,E003,2024-09-03,30,1.5,SHP00598,91,0.05,2100000,63000000,60000,62940000,0,20240903
OD0332,OD0332-1,P008,WH01,R01,E009,2024-08-11,96,5.57,SHP00599,97,0.058,750000,72000000,192000,71808000,1,20240811
OD0333,OD0333-1,P012,WH06,R03,E006,2024-08-16,72,8.93,SHP00600,94,0.124,1050000,75600000,144000,75456000,1,20240816
OD0334,OD0334-1,P014,WH04,R02,E004,2024-09-23,6,0.41,SHP00601,92,0.069,1300000,7800000,12000,7788000,1,20240923
OD0334,OD0334-2,P014,WH04,R02,E004,2024-09-24,69,4.76,SHP00602,94,0.069,1300000,89700000,138000,89562000,1,20240924
OD0334,OD0334-3,P014,WH04,R02,E004,2024-09-27,24,1.66,SHP00603,94,0.069,1300000,31200000,48000,31152000,1,20240927
OD0335,OD0335-1,P004,WH02,R01,E002,2024-09-06,36,3.24,SHP00604,99,0.09,950000,34200000,72000,34128000,1,20240906
OD0336,OD0336-1,P003,WH08,R05,E008,2024-10-08,58,6.55,SHP00605,99,0.113,1650000,95700000,116000,95584000,1,20241008
OD0336,OD0336-2,P003,WH08,R05,E008,2024-10-08,56,6.33,SHP00606,95,0.113,1650000,92400000,112000,92288000,1,20241008
OD0337,OD0337-1,P006,WH07,R04,E007,2024-09-27,6,0.25,SHP00607,95,0.041,800000,4800000,12000,4788000,1,20240927
OD0337,OD0337-2,P006,WH07,R04,E007,2024-10-03,35,1.44,SHP00608,98,0.041,800000,28000000,70000,27930000,1,20241003
OD0337,OD0337-3,P006,WH07,R04,E007,2024-10-03,6,0.25,SHP00609,97,0.041,800000,4800000,12000,4788000,1,20241003
OD0338,OD0338-1,P006,WH06,R03,E006,2024-09-19,47,1.93,SHP00610,95,0.041,800000,37600000,94000,37506000,1,20240919
OD0338,OD0338-2,P006,WH06,R03,E006,2024-09-22,45,1.84,SHP00611,94,0.041,800000,36000000,90000,35910000,1,20240922
OD0339,OD0339-1,P007,WH07,R04,E007,2024-09-11,16,0.8,SHP00612,98,0.05,2100000,33600000,32000,33568000,1,20240911
OD0339,OD0339-2,P007,WH07,R04,E007,2024-09-12,11,0.55,SHP00613,98,0.05,2100000,23100000,22000,23078000,1,20240912
OD0339,OD0339-3,P007,WH07,R04,E007,2024-09-14,19,0.95,SHP00614,92,0.05,2100000,39900000,38000,39862000,1,20240914
OD0340,OD0340-1,P007,WH01,R01,E009,2024-09-15,46,2.3,SHP00615,100,0.05,2100000,96600000,92000,96508000,1,20240915
OD0340,OD0340-2,P007,WH01,R01,E009,2024-09-21,31,1.55,SHP00616,94,0.05,2100000,65100000,62000,65038000,1,20240921
OD0340,OD0340-3,P007,WH01,R01,E009,2024-09-25,30,1.5,SHP00617,97,0.05,2100000,63000000,60000,62940000,1,20240925
OD0341,OD0341-1,P013,WH02,R01,E002,2024-09-29,38,2.7,SHP00618,100,0.071,850000,32300000,76000,32224000,1,20240929
OD0342,OD0342-1,P011,WH08,R05,E008,2024-10-03,20,2.5,SHP00619,91,0.125,1900000,38000000,40000,37960000,0,20241003
OD0343,OD0343-1,P015,WH08,R05,E008,2024-09-10,48,2.83,SHP00620,94,0.059,900000,43200000,96000,43104000,1,20240910
OD0343,OD0343-2,P015,WH08,R05,E008,2024-09-13,41,2.42,SHP00621,98,0.059,900000,36900000,82000,36818000,1,20240913
OD0344,OD0344-1,P008,WH05,R03,E005,2024-09-20,16,0.93,SHP00622,99,0.058,750000,12000000,32000,11968000,1,20240920
OD0344,OD0344-2,P008,WH05,R03,E005,2024-09-23,11,0.64,SHP00623,100,0.058,750000,8250000,22000,8228000,1,20240923
OD0345,OD0345-1,P003,WH01,R01,E001,2024-10-01,66,7.46,SHP00624,99,0.113,1650000,108900000,132000,108768000,1,20241001
OD0346,OD0346-1,P002,WH06,R03,E006,2024-09-17,47,4.79,SHP00625,94,0.102,1050000,49350000,94000,49256000,1,20240917
OD0346,OD0346-2,P002,WH06,R03,E006,2024-09-20,29,2.96,SHP00626,99,0.102,1050000,30450000,58000,30392000,1,20240920
OD0347,OD0347-1,P005,WH08,R05,E008,2024-09-16,16,1.1,SHP00627,98,0.069,950000,15200000,32000,15168000,1,20240916
OD0347,OD0347-2,P005,WH08,R05,E008,2024-09-19,23,1.59,SHP00628,99,0.069,950000,21850000,46000,21804000,1,20240919
OD0347,OD0347-3,P005,WH08,R05,E008,2024-09-20,22,1.52,SHP00629,97,0.069,950000,20900000,44000,20856000,1,20240920
OD0348,OD0348-1,P007,WH08,R05,E008,2024-10-09,48,2.4,SHP00630,98,0.05,2100000,100800000,96000,100704000,1,20241009
OD0348,OD0348-2,P007,WH08,R05,E008,2024-10-10,55,2.75,SHP00631,95,0.05,2100000,115500000,110000,115390000,1,20241010
OD0349,OD0349-1,P002,WH02,R01,E002,2024-09-06,51,5.2,SHP00632,97,0.102,1050000,53550000,102000,53448000,1,20240906
OD0349,OD0349-2,P002,WH02,R01,E002,2024-09-10,14,1.43,SHP00633,93,0.102,1050000,14700000,28000,14672000,1,20240910
OD0349,OD0349-3,P002,WH02,R01,E002,2024-09-15,53,5.41,SHP00634,100,0.102,1050000,55650000,106000,55544000,1,20240915
OD0350,OD0350-1,P008,WH03,R02,E003,2024-10-05,116,6.73,SHP00635,100,0.058,750000,87000000,232000,86768000,1,20241005
OD0351,OD0351-1,P005,WH02,R01,E002,2024-09-19,19,1.31,SHP00636,100,0.069,950000,18050000,38000,18012000,1,20240919
OD0351,OD0351-2,P005,WH02,R01,E002,2024-09-19,84,5.8,SHP00637,98,0.069,950000,79800000,168000,79632000,1,20240919
OD0352,OD0352-1,P011,WH03,R02,E003,2024-09-27,56,7.0,SHP00638,95,0.125,1900000,106400000,112000,106288000,1,20240927
OD0352,OD0352-2,P011,WH03,R02,E003,2024-10-03,46,5.75,SHP00639,100,0.125,1900000,87400000,92000,87308000,1,20241003
OD0353,OD0353-1,P015,WH04,R02,E004,2024-09-11,1,0.06,SHP00640,96,0.059,900000,900000,2000,898000,1,20240911
OD0353,OD0353-2,P015,WH04,R02,E004,2024-09-23,34,2.01,SHP00641,99,0.059,900000,30600000,68000,30532000,1,20240923
OD0354,OD0354-1,P003,WH07,R04,E007,2024-09-26,49,5.54,SHP00642,96,0.113,1650000,80850000,98000,80752000,1,20240926
OD0356,OD0356-1,P012,WH02,R01,E002,2024-09-08,75,9.3,SHP00643,100,0.124,1050000,78750000,150000,78600000,1,20240908
OD0357,OD0357-1,P014,WH01,R01,E001,2024-10-01,1,0.07,SHP00644,95,0.069,1300000,1300000,2000,1298000,1,20241001
OD0357,OD0357-2,P014,WH01,R01,E001,2024-10-05,26,1.79,SHP00645,99,0.069,1300000,33800000,52000,33748000,1,20241005
OD0357,OD0357-3,P014,WH01,R01,E001,2024-10-06,5,0.35,SHP00646,94,0.069,1300000,6500000,10000,6490000,1,20241006
OD0358,OD0358-1,P016,WH01,R01,E001,2024-09-30,15,2.77,SHP00647,94,0.185,5800000,87000000,30000,86970000,1,20240930
OD0358,OD0358-2,P016,WH01,R01,E001,2024-10-01,42,7.77,SHP00648,92,0.185,5800000,243600000,84000,243516000,1,20241001
OD0359,OD0359-1,P003,WH05,R03,E010,2024-09-23,10,1.13,SHP00649,94,0.113,1650000,16500000,20000,16480000,1,20240923
OD0359,OD0359-2,P003,WH05,R03,E010,2024-09-26,13,1.47,SHP00650,91,0.113,1650000,21450000,26000,21424000,0,20240926
OD0360,OD0360-1,P013,WH07,R04,E007,2024-09-08,26,1.85,SHP00651,99,0.071,850000,22100000,52000,22048000,1,20240908
OD0360,OD0360-2,P013,WH07,R04,E007,2024-09-12,62,4.4,SHP00652,94,0.071,850000,52700000,124000,52576000,1,20240912
OD0361,OD0361-1,P013,WH08,R05,E008,2024-09-19,97,6.89,SHP00653,94,0.071,850000,82450000,194000,82256000,1,20240919
OD0362,OD0362-1,P015,WH08,R05,E008,2024-09-28,70,4.13,SHP00654,97,0.059,900000,63000000,140000,62860000,1,20240928
OD0363,OD0363-1,P012,WH06,R03,E006,2024-09-11,5,0.62,SHP00655,91,0.124,1050000,5250000,10000,5240000,0,20240911
OD0363,OD0363-2,P012,WH06,R03,E006,2024-09-15,55,6.82,SHP00656,94,0.124,1050000,57750000,110000,57640000,1,20240915
OD0364,OD0364-1,P008,WH07,R04,E007,2024-09-23,24,1.39,SHP00657,99,0.058,750000,18000000,48000,17952000,1,20240923
OD0364,OD0364-2,P008,WH07,R04,E007,2024-09-27,13,0.75,SHP00658,100,0.058,750000,9750000,26000,9724000,1,20240927
OD0364,OD0364-3,P008,WH07,R04,E007,2024-09-29,10,0.58,SHP00659,96,0.058,750000,7500000,20000,7480000,1,20240929
OD0365,OD0365-1,P003,WH06,R03,E006,2024-09-06,110,12.43,SHP00660,94,0.113,1650000,181500000,220000,181280000,1,20240906
OD0366,OD0366-1,P002,WH02,R01,E002,2024-10-28,94,9.59,SHP00661,97,0.102,1050000,98700000,188000,98512000,1,20241028
OD0367,OD0367-1,P010,WH05,R03,E010,2024-10-23,2,0.23,SHP00662,93,0.113,3500000,7000000,4000,6996000,1,20241023
OD0367,OD0367-2,P010,WH05,R03,E010,2024-10-24,77,8.7,SHP00663,95,0.113,3500000,269500000,154000,269346000,1,20241024
OD0368,OD0368-1,P004,WH08,R05,E008,2024-10-19,12,1.08,SHP00664,97,0.09,950000,11400000,24000,11376000,1,20241019
OD0368,OD0368-2,P004,WH08,R05,E008,2024-10-21,107,9.63,SHP00665,91,0.09,950000,101650000,214000,101436000,0,20241021
OD0370,OD0370-1,P001,WH05,R03,E005,2024-10-20,68,6.53,SHP00666,98,0.096,1250000,85000000,136000,84864000,1,20241020
OD0371,OD0371-1,P001,WH07,R04,E007,2024-10-04,26,2.5,SHP00667,93,0.096,1250000,32500000,52000,32448000,1,20241004
OD0371,OD0371-2,P001,WH07,R04,E007,2024-10-12,22,2.11,SHP00668,93,0.096,1250000,27500000,44000,27456000,1,20241012
OD0372,OD0372-1,P004,WH03,R02,E003,2024-11-03,77,6.93,SHP00669,94,0.09,950000,73150000,154000,72996000,1,20241103
OD0373,OD0373-1,P015,WH07,R04,E007,2024-10-16,11,0.65,SHP00670,99,0.059,900000,9900000,22000,9878000,1,20241016
OD0373,OD0373-2,P015,WH07,R04,E007,2024-10-16,28,1.65,SHP00671,100,0.059,900000,25200000,56000,25144000,1,20241016
OD0374,OD0374-1,P013,WH03,R02,E003,2024-10-06,1,0.07,SHP00672,95,0.071,850000,850000,2000,848000,1,20241006
OD0374,OD0374-2,P013,WH03,R02,E003,2024-10-12,19,1.35,SHP00673,95,0.071,850000,16150000,38000,16112000,1,20241012
OD0375,OD0375-1,P009,WH08,R05,E008,2024-11-03,12,1.34,SHP00674,92,0.112,2400000,28800000,24000,28776000,1,20241103
OD0375,OD0375-2,P009,WH08,R05,E008,2024-11-04,11,1.23,SHP00675,93,0.112,2400000,26400000,22000,26378000,1,20241104
OD0376,OD0376-1,P010,WH01,R01,E009,2024-10-27,36,4.07,SHP00676,96,0.113,3500000,126000000,72000,125928000,1,20241027
OD0377,OD0377-1,P014,WH07,R04,E007,2024-10-10,23,1.59,SHP00677,95,0.069,1300000,29900000,46000,29854000,1,20241010
OD0377,OD0377-2,P014,WH07,R04,E007,2024-10-10,52,3.59,SHP00678,92,0.069,1300000,67600000,104000,67496000,1,20241010
OD0380,OD0380-1,P006,WH07,R04,E007,2024-11-02,112,4.59,SHP00679,97,0.041,800000,89600000,224000,89376000,1,20241102
OD0381,OD0381-1,P002,WH01,R01,E001,2024-10-30,36,3.67,SHP00680,97,0.102,1050000,37800000,72000,37728000,1,20241030
OD0381,OD0381-2,P002,WH01,R01,E001,2024-11-03,10,1.02,SHP00681,99,0.102,1050000,10500000,20000,10480000,1,20241103
OD0382,OD0382-1,P011,WH04,R02,E004,2024-10-14,75,9.38,SHP00682,94,0.125,1900000,142500000,150000,142350000,1,20241014
OD0382,OD0382-2,P011,WH04,R02,E004,2024-10-15,19,2.38,SHP00683,93,0.125,1900000,36100000,38000,36062000,1,20241015
OD0382,OD0382-3,P011,WH04,R02,E004,2024-10-16,18,2.25,SHP00684,93,0.125,1900000,34200000,36000,34164000,1,20241016
OD0384,OD0384-1,P010,WH08,R05,E008,2024-10-16,71,8.02,SHP00685,95,0.113,3500000,248500000,142000,248358000,1,20241016
OD0384,OD0384-2,P010,WH08,R05,E008,2024-10-20,7,0.79,SHP00686,92,0.113,3500000,24500000,14000,24486000,1,20241020
OD0385,OD0385-1,P004,WH08,R05,E008,2024-10-24,53,4.77,SHP00687,96,0.09,950000,50350000,106000,50244000,1,20241024
OD0386,OD0386-1,P015,WH05,R03,E005,2024-10-08,55,3.24,SHP00688,93,0.059,900000,49500000,110000,49390000,1,20241008
OD0386,OD0386-2,P015,WH05,R03,E005,2024-10-09,39,2.3,SHP00689,96,0.059,900000,35100000,78000,35022000,1,20241009
OD0387,OD0387-1,P016,WH01,R01,E009,2024-10-05,79,14.62,SHP00690,91,0.185,5800000,458200000,158000,458042000,0,20241005
OD0388,OD0388-1,P001,WH01,R01,E001,2024-12-05,13,1.25,SHP00691,91,0.096,1250000,16250000,26000,16224000,0,20241205
OD0388,OD0388-2,P001,WH01,R01,E001,2024-12-07,9,0.86,SHP00692,94,0.096,1250000,11250000,18000,11232000,1,20241207
OD0388,OD0388-3,P001,WH01,R01,E001,2024-12-10,63,6.05,SHP00693,96,0.096,1250000,78750000,126000,78624000,1,20241210
OD0389,OD0389-1,P005,WH06,R03,E006,2024-11-04,42,2.9,SHP00694,97,0.069,950000,39900000,84000,39816000,1,20241104
OD0389,OD0389-2,P005,WH06,R03,E006,2024-11-06,48,3.31,SHP00695,97,0.069,950000,45600000,96000,45504000,1,20241106
OD0389,OD0389-3,P005,WH06,R03,E006,2024-11-09,93,6.42,SHP00696,97,0.069,950000,88350000,186000,88164000,1,20241109
OD0390,OD0390-1,P014,WH05,R03,E005,2024-11-14,133,9.18,SHP00697,99,0.069,1300000,172900000,266000,172634000,1,20241114
OD0391,OD0391-1,P004,WH08,R05,E008,2024-11-29,19,1.71,SHP00698,91,0.09,950000,18050000,38000,18012000,0,20241129
OD0391,OD0391-2,P004,WH08,R05,E008,2024-11-30,6,0.54,SHP00699,100,0.09,950000,5700000,12000,5688000,1,20241130
OD0391,OD0391-3,P004,WH08,R05,E008,2024-12-01,42,3.78,SHP00700,91,0.09,950000,39900000,84000,39816000,0,20241201
OD0392,OD0392-1,P008,WH01,R01,E009,2024-11-27,7,0.41,SHP00701,97,0.058,750000,5250000,14000,5236000,1,20241127
OD0392,OD0392-2,P008,WH01,R01,E009,2024-11-30,66,3.83,SHP00702,92,0.058,750000,49500000,132000,49368000,1,20241130
OD0393,OD0393-1,P016,WH05,R03,E005,2024-11-19,44,8.14,SHP00703,93,0.185,5800000,255200000,88000,255112000,1,20241119
OD0393,OD0393-2,P016,WH05,R03,E005,2024-11-29,143,26.45,SHP00704,96,0.185,5800000,829400000,286000,829114000,1,20241129
OD0394,OD0394-1,P014,WH01,R01,E009,2024-11-05,145,10.01,SHP00705,92,0.069,1300000,188500000,290000,188210000,1,20241105
OD0395,OD0395-1,P014,WH02,R01,E002,2024-11-07,141,9.73,SHP00706,91,0.069,1300000,183300000,282000,183018000,0,20241107
OD0395,OD0395-2,P014,WH02,R01,E002,2024-11-07,52,3.59,SHP00707,92,0.069,1300000,67600000,104000,67496000,1,20241107
OD0397,OD0397-1,P012,WH07,R04,E007,2024-11-12,102,12.65,SHP00708,93,0.124,1050000,107100000,204000,106896000,1,20241112
OD0398,OD0398-1,P008,WH01,R01,E009,2024-11-26,33,1.91,SHP00709,93,0.058,750000,24750000,66000,24684000,1,20241126
OD0398,OD0398-2,P008,WH01,R01,E009,2024-11-29,42,2.44,SHP00710,91,0.058,750000,31500000,84000,31416000,0,20241129
OD0398,OD0398-3,P008,WH01,R01,E009,2024-12-02,107,6.21,SHP00711,95,0.058,750000,80250000,214000,80036000,1,20241202
OD0399,OD0399-1,P010,WH01,R01,E001,2024-11-20,204,23.05,SHP00712,95,0.113,3500000,714000000,408000,713592000,1,20241120
OD0399,OD0399-2,P010,WH01,R01,E001,2024-12-03,16,1.81,SHP00713,99,0.113,3500000,56000000,32000,55968000,1,20241203
OD0400,OD0400-1,P015,WH07,R04,E007,2024-11-10,45,2.65,SHP00714,93,0.059,900000,40500000,90000,40410000,1,20241110
OD0400,OD0400-2,P015,WH07,R04,E007,2024-11-12,75,4.42,SHP00715,91,0.059,900000,67500000,150000,67350000,0,20241112
OD0400,OD0400-3,P015,WH07,R04,E007,2024-11-17,60,3.54,SHP00716,96,0.059,900000,54000000,120000,53880000,1,20241117
OD0401,OD0401-1,P012,WH02,R01,E002,2024-11-27,66,8.18,SHP00717,98,0.124,1050000,69300000,132000,69168000,1,20241127
OD0402,OD0402-1,P015,WH07,R04,E007,2024-11-17,153,9.03,SHP00718,96,0.059,900000,137700000,306000,137394000,1,20241117
OD0403,OD0403-1,P016,WH07,R04,E007,2024-11-21,197,36.45,SHP00719,92,0.185,5800000,1142600000,394000,1142206000,1,20241121
OD0404,OD0404-1,P005,WH03,R02,E003,2024-11-06,67,4.62,SHP00720,94,0.069,950000,63650000,134000,63516000,1,20241106
OD0404,OD0404-2,P005,WH03,R02,E003,2024-11-08,46,3.17,SHP00721,95,0.069,950000,43700000,92000,43608000,1,20241108
OD0404,OD0404-3,P005,WH03,R02,E003,2024-11-08,1,0.07,SHP00722,98,0.069,950000,950000,2000,948000,1,20241108
OD0405,OD0405-1,P012,WH01,R01,E001,2024-11-23,30,3.72,SHP00723,96,0.124,1050000,31500000,60000,31440000,1,20241123
OD0405,OD0405-2,P012,WH01,R01,E001,2024-11-26,26,3.22,SHP00724,94,0.124,1050000,27300000,52000,27248000,1,20241126
OD0405,OD0405-3,P012,WH01,R01,E001,2024-11-29,54,6.7,SHP00725,91,0.124,1050000,56700000,108000,56592000,0,20241129
OD0406,OD0406-1,P015,WH06,R03,E006,2024-11-14,151,8.91,SHP00726,91,0.059,900000,135900000,302000,135598000,0,20241114
OD0408,OD0408-1,P010,WH07,R04,E007,2024-11-17,63,7.12,SHP00727,97,0.113,3500000,220500000,126000,220374000,1,20241117
OD0408,OD0408-2,P010,WH07,R04,E007,2024-11-20,72,8.14,SHP00728,94,0.113,3500000,252000000,144000,251856000,1,20241120
OD0409,OD0409-1,P010,WH03,R02,E003,2024-11-09,4,0.45,SHP00729,97,0.113,3500000,14000000,8000,13992000,1,20241109
OD0409,OD0409-2,P010,WH03,R02,E003,2024-11-18,159,17.97,SHP00730,99,0.113,3500000,556500000,318000,556182000,1,20241118
OD0410,OD0410-1,P011,WH03,R02,E003,2024-11-09,6,0.75,SHP00731,95,0.125,1900000,11400000,12000,11388000,1,20241109
OD0410,OD0410-2,P011,WH03,R02,E003,2024-11-15,71,8.88,SHP00732,93,0.125,1900000,134900000,142000,134758000,1,20241115
OD0411,OD0411-1,P004,WH06,R03,E006,2024-11-26,202,18.18,SHP00733,96,0.09,950000,191900000,404000,191496000,1,20241126
OD0411,OD0411-2,P004,WH06,R03,E006,2024-11-28,17,1.53,SHP00734,93,0.09,950000,16150000,34000,16116000,1,20241128
OD0412,OD0412-1,P004,WH03,R02,E003,2024-11-18,158,14.22,SHP00735,97,0.09,950000,150100000,316000,149784000,1,20241118
OD0413,OD0413-1,P002,WH03,R02,E003,2024-11-19,211,21.52,SHP00736,91,0.102,1050000,221550000,422000,221128000,0,20241119
OD0414,OD0414-1,P007,WH03,R02,E003,2024-11-04,73,3.65,SHP00737,95,0.05,2100000,153300000,146000,153154000,1,20241104
OD0415,OD0415-1,P016,WH02,R01,E002,2024-11-06,6,1.11,SHP00738,94,0.185,5800000,34800000,12000,34788000,1,20241106
OD0415,OD0415-2,P016,WH02,R01,E002,2024-11-07,96,17.76,SHP00739,96,0.185,5800000,556800000,192000,556608000,1,20241107
OD0415,OD0415-3,P016,WH02,R01,E002,2024-11-07,29,5.37,SHP00740,95,0.185,5800000,168200000,58000,168142000,1,20241107
OD0416,OD0416-1,P006,WH05,R03,E005,2024-11-25,9,0.37,SHP00741,91,0.041,800000,7200000,18000,7182000,0,20241125
OD0416,OD0416-2,P006,WH05,R03,E005,2024-11-26,142,5.82,SHP00742,97,0.041,800000,113600000,284000,113316000,1,20241126
OD0416,OD0416-3,P006,WH05,R03,E005,2024-12-02,10,0.41,SHP00743,99,0.041,800000,8000000,20000,7980000,1,20241202
OD0417,OD0417-1,P002,WH08,R05,E008,2024-11-07,22,2.24,SHP00744,100,0.102,1050000,23100000,44000,23056000,1,20241107
OD0417,OD0417-2,P002,WH08,R05,E008,2024-11-10,1,0.1,SHP00745,97,0.102,1050000,1050000,2000,1048000,1,20241110
OD0417,OD0417-3,P002,WH08,R05,E008,2024-11-18,55,5.61,SHP00746,94,0.102,1050000,57750000,110000,57640000,1,20241118
OD0418,OD0418-1,P016,WH04,R02,E004,2024-12-05,36,6.66,SHP00747,96,0.185,5800000,208800000,72000,208728000,1,20241205
OD0418,OD0418-2,P016,WH04,R02,E004,2024-12-05,66,12.21,SHP00748,99,0.185,5800000,382800000,132000,382668000,1,20241205
OD0419,OD0419-1,P006,WH01,R01,E009,2024-11-14,68,2.79,SHP00749,96,0.041,800000,54400000,136000,54264000,1,20241114
OD0419,OD0419-2,P006,WH01,R01,E009,2024-11-15,3,0.12,SHP00750,96,0.041,800000,2400000,6000,2394000,1,20241115
OD0420,OD0420-1,P014,WH03,R02,E003,2024-11-29,42,2.9,SHP00751,96,0.069,1300000,54600000,84000,54516000,1,20241129
OD0420,OD0420-2,P014,WH03,R02,E003,2024-11-29,124,8.56,SHP00752,99,0.069,1300000,161200000,248000,160952000,1,20241129
OD0421,OD0421-1,P012,WH05,R03,E005,2024-11-21,123,15.25,SHP00753,100,0.124,1050000,129150000,246000,128904000,1,20241121
OD0421,OD0421-2,P012,WH05,R03,E005,2024-11-23,36,4.46,SHP00754,94,0.124,1050000,37800000,72000,37728000,1,20241123
OD0421,OD0421-3,P012,WH05,R03,E005,2024-12-01,17,2.11,SHP00755,99,0.124,1050000,17850000,34000,17816000,1,20241201
OD0422,OD0422-1,P001,WH04,R02,E004,2024-11-25,9,0.86,SHP00756,94,0.096,1250000,11250000,18000,11232000,1,20241125
OD0422,OD0422-2,P001,WH04,R02,E004,2024-11-30,45,4.32,SHP00757,95,0.096,1250000,56250000,90000,56160000,1,20241130
OD0422,OD0422-3,P001,WH04,R02,E004,2024-12-01,7,0.67,SHP00758,99,0.096,1250000,8750000,14000,8736000,1,20241201
OD0423,OD0423-1,P004,WH05,R03,E005,2024-11-16,67,6.03,SHP00759,91,0.09,950000,63650000,134000,63516000,0,20241116
OD0423,OD0423-2,P004,WH05,R03,E005,2024-11-18,22,1.98,SHP00760,91,0.09,950000,20900000,44000,20856000,0,20241118
OD0423,OD0423-3,P004,WH05,R03,E005,2024-11-19,33,2.97,SHP00761,92,0.09,950000,31350000,66000,31284000,1,20241119
OD0424,OD0424-1,P015,WH05,R03,E005,2024-11-29,16,0.94,SHP00762,95,0.059,900000,14400000,32000,14368000,1,20241129
OD0424,OD0424-2,P015,WH05,R03,E005,2024-11-29,82,4.84,SHP00763,100,0.059,900000,73800000,164000,73636000,1,20241129
OD0425,OD0425-1,P003,WH01,R01,E001,2024-12-07,73,8.25,SHP00764,100,0.113,1650000,120450000,146000,120304000,1,20241207
OD0426,OD0426-1,P007,WH07,R04,E007,2024-12-03,63,3.15,SHP00765,93,0.05,2100000,132300000,126000,132174000,1,20241203
OD0427,OD0427-1,P011,WH03,R02,E003,2024-12-16,21,2.62,SHP00766,93,0.125,1900000,39900000,42000,39858000,1,20241216
OD0427,OD0427-2,P011,WH03,R02,E003,2024-12-17,93,11.62,SHP00767,97,0.125,1900000,176700000,186000,176514000,1,20241217
OD0427,OD0427-3,P011,WH03,R02,E003,2024-12-19,67,8.38,SHP00768,96,0.125,1900000,127300000,134000,127166000,1,20241219
OD0428,OD0428-1,P002,WH03,R02,E003,2024-12-23,158,16.12,SHP00769,98,0.102,1050000,165900000,316000,165584000,1,20241223
OD0430,OD0430-1,P002,WH05,R03,E005,2024-12-19,57,5.81,SHP00770,93,0.102,1050000,59850000,114000,59736000,1,20241219
OD0430,OD0430-2,P002,WH05,R03,E005,2024-12-19,24,2.45,SHP00771,95,0.102,1050000,25200000,48000,25152000,1,20241219
OD0431,OD0431-1,P014,WH03,R02,E003,2024-12-22,30,2.07,SHP00772,98,0.069,1300000,39000000,60000,38940000,1,20241222
OD0431,OD0431-2,P014,WH03,R02,E003,2024-12-31,140,9.66,SHP00773,99,0.069,1300000,182000000,280000,181720000,1,20241231
OD0432,OD0432-1,P010,WH01,R01,E009,2024-12-31,117,13.22,SHP00774,99,0.113,3500000,409500000,234000,409266000,1,20241231
OD0433,OD0433-1,P006,WH05,R03,E005,2024-12-24,145,5.95,SHP00775,91,0.041,800000,116000000,290000,115710000,0,20241224
OD0433,OD0433-2,P006,WH05,R03,E005,2024-12-26,31,1.27,SHP00776,91,0.041,800000,24800000,62000,24738000,0,20241226
OD0433,OD0433-3,P006,WH05,R03,E005,2024-12-28,44,1.8,SHP00777,100,0.041,800000,35200000,88000,35112000,1,20241228
OD0435,OD0435-1,P001,WH08,R05,E008,2025-01-02,62,5.95,SHP00778,92,0.096,1250000,77500000,124000,77376000,1,20250102
OD0435,OD0435-2,P001,WH08,R05,E008,2025-01-06,25,2.4,SHP00779,92,0.096,1250000,31250000,50000,31200000,1,20250106
OD0436,OD0436-1,P011,WH08,R05,E008,2024-12-14,11,1.38,SHP00780,97,0.125,1900000,20900000,22000,20878000,1,20241214
OD0436,OD0436-2,P011,WH08,R05,E008,2024-12-18,47,5.88,SHP00781,93,0.125,1900000,89300000,94000,89206000,1,20241218
OD0436,OD0436-3,P011,WH08,R05,E008,2024-12-20,95,11.88,SHP00782,98,0.125,1900000,180500000,190000,180310000,1,20241220
OD0437,OD0437-1,P008,WH08,R05,E008,2024-12-14,91,5.28,SHP00783,96,0.058,750000,68250000,182000,68068000,1,20241214
OD0438,OD0438-1,P009,WH06,R03,E006,2024-12-05,145,16.24,SHP00784,99,0.112,2400000,348000000,290000,347710000,1,20241205
OD0439,OD0439-1,P004,WH05,R03,E005,2024-12-01,116,10.44,SHP00785,97,0.09,950000,110200000,232000,109968000,1,20241201
OD0439,OD0439-2,P004,WH05,R03,E005,2024-12-03,7,0.63,SHP00786,100,0.09,950000,6650000,14000,6636000,1,20241203
OD0439,OD0439-3,P004,WH05,R03,E005,2024-12-06,65,5.85,SHP00787,99,0.09,950000,61750000,130000,61620000,1,20241206
OD0440,OD0440-1,P009,WH07,R04,E007,2024-12-25,87,9.74,SHP00788,95,0.112,2400000,208800000,174000,208626000,1,20241225
OD0440,OD0440-2,P009,WH07,R04,E007,2024-12-26,10,1.12,SHP00789,92,0.112,2400000,24000000,20000,23980000,1,20241226
OD0441,OD0441-1,P009,WH06,R03,E006,2024-12-21,65,7.28,SHP00790,92,0.112,2400000,156000000,130000,155870000,1,20241221
OD0441,OD0441-2,P009,WH06,R03,E006,2024-12-22,8,0.9,SHP00791,100,0.112,2400000,19200000,16000,19184000,1,20241222
OD0442,OD0442-1,P011,WH04,R02,E004,2024-12-08,118,14.75,SHP00792,96,0.125,1900000,224200000,236000,223964000,1,20241208
OD0444,OD0444-1,P002,WH01,R01,E009,2024-12-31,145,14.79,SHP00793,97,0.102,1050000,152250000,290000,151960000,1,20241231
OD0445,OD0445-1,P012,WH06,R03,E006,2024-12-14,13,1.61,SHP00794,92,0.124,1050000,13650000,26000,13624000,1,20241214
OD0445,OD0445-2,P012,WH06,R03,E006,2024-12-15,155,19.22,SHP00795,95,0.124,1050000,162750000,310000,162440000,1,20241215
OD0445,OD0445-3,P012,WH06,R03,E006,2024-12-16,28,3.47,SHP00796,91,0.124,1050000,29400000,56000,29344000,0,20241216
OD0446,OD0446-1,P009,WH05,R03,E010,2024-12-03,98,10.98,SHP00797,93,0.112,2400000,235200000,196000,235004000,1,20241203
OD0446,OD0446-2,P009,WH05,R03,E010,2024-12-07,62,6.94,SHP00798,95,0.112,2400000,148800000,124000,148676000,1,20241207
OD0447,OD0447-1,P013,WH06,R03,E006,2024-12-20,151,10.72,SHP00799,96,0.071,850000,128350000,302000,128048000,1,20241220
OD0448,OD0448-1,P007,WH06,R03,E006,2024-12-25,83,4.15,SHP00800,96,0.05,2100000,174300000,166000,174134000,1,20241225
OD0448,OD0448-2,P007,WH06,R03,E006,2024-12-27,14,0.7,SHP00801,93,0.05,2100000,29400000,28000,29372000,1,20241227
OD0449,OD0449-1,P005,WH07,R04,E007,2024-12-27,59,4.07,SHP00802,95,0.069,950000,56050000,118000,55932000,1,20241227
OD0449,OD0449-2,P005,WH07,R04,E007,2025-01-05,84,5.8,SHP00803,100,0.069,950000,79800000,168000,79632000,1,20250105
OD0450,OD0450-1,P014,WH04,R02,E004,2024-12-07,75,5.18,SHP00804,93,0.069,1300000,97500000,150000,97350000,1,20241207
OD0452,OD0452-1,P001,WH01,R01,E001,2024-12-15,152,14.59,SHP00805,94,0.096,1250000,190000000,304000,189696000,1,20241215
OD0453,OD0453-1,P013,WH08,R05,E008,2024-12-11,43,3.05,SHP00806,97,0.071,850000,36550000,86000,36464000,1,20241211
OD0453,OD0453-2,P013,WH08,R05,E008,2024-12-16,60,4.26,SHP00807,93,0.071,850000,51000000,120000,50880000,1,20241216
OD0453,OD0453-3,P013,WH08,R05,E008,2024-12-17,17,1.21,SHP00808,98,0.071,850000,14450000,34000,14416000,1,20241217
OD0454,OD0454-1,P012,WH01,R01,E009,2024-12-08,54,6.7,SHP00809,98,0.124,1050000,56700000,108000,56592000,1,20241208
OD0454,OD0454-2,P012,WH01,R01,E009,2024-12-12,38,4.71,SHP00810,95,0.124,1050000,39900000,76000,39824000,1,20241212
OD0454,OD0454-3,P012,WH01,R01,E009,2024-12-13,72,8.93,SHP00811,93,0.124,1050000,75600000,144000,75456000,1,20241213
OD0455,OD0455-1,P007,WH08,R05,E008,2024-12-26,113,5.65,SHP00812,93,0.05,2100000,237300000,226000,237074000,1,20241226
OD0455,OD0455-2,P007,WH08,R05,E008,2024-12-27,77,3.85,SHP00813,92,0.05,2100000,161700000,154000,161546000,1,20241227
OD0456,OD0456-1,P003,WH07,R04,E007,2024-12-05,131,14.8,SHP00814,97,0.113,1650000,216150000,262000,215888000,1,20241205
OD0457,OD0457-1,P013,WH05,R03,E010,2024-12-08,100,7.1,SHP00815,92,0.071,850000,85000000,200000,84800000,1,20241208
OD0458,OD0458-1,P004,WH08,R05,E008,2024-12-14,204,18.36,SHP00816,96,0.09,950000,193800000,408000,193392000,1,20241214
OD0459,OD0459-1,P001,WH07,R04,E007,2024-12-21,101,9.7,SHP00817,99,0.096,1250000,126250000,202000,126048000,1,20241221
OD0459,OD0459-2,P001,WH07,R04,E007,2024-12-25,8,0.77,SHP00818,99,0.096,1250000,10000000,16000,9984000,1,20241225
OD0460,OD0460-1,P003,WH02,R01,E002,2025-01-03,66,7.46,SHP00819,96,0.113,1650000,108900000,132000,108768000,1,20250103
OD0461,OD0461-1,P001,WH07,R04,E007,2024-12-25,41,3.94,SHP00820,95,0.096,1250000,51250000,82000,51168000,1,20241225
OD0461,OD0461-2,P001,WH07,R04,E007,2024-12-27,85,8.16,SHP00821,100,0.096,1250000,106250000,170000,106080000,1,20241227
OD0461,OD0461-3,P001,WH07,R04,E007,2024-12-29,26,2.5,SHP00822,92,0.096,1250000,32500000,52000,32448000,1,20241229
OD0463,OD0463-1,P009,WH05,R03,E010,2024-12-21,102,11.42,SHP00823,100,0.112,2400000,244800000,204000,244596000,1,20241221
OD0464,OD0464-1,P009,WH04,R02,E004,2024-12-18,114,12.77,SHP00824,93,0.112,2400000,273600000,228000,273372000,1,20241218
OD0464,OD0464-2,P009,WH04,R02,E004,2024-12-28,73,8.18,SHP00825,96,0.112,2400000,175200000,146000,175054000,1,20241228
OD0465,OD0465-1,P002,WH05,R03,E005,2024-12-29,201,20.5,SHP00826,95,0.102,1050000,211050000,402000,210648000,1,20241229
OD0465,OD0465-2,P002,WH05,R03,E005,2024-12-30,14,1.43,SHP00827,93,0.102,1050000,14700000,28000,14672000,1,20241230
OD0465,OD0465-3,P002,WH05,R03,E005,2025-01-04,4,0.41,SHP00828,91,0.102,1050000,4200000,8000,4192000,0,20250104
OD0467,OD0467-1,P015,WH02,R01,E002,2024-12-18,30,1.77,SHP00829,95,0.059,900000,27000000,60000,26940000,1,20241218
OD0467,OD0467-2,P015,WH02,R01,E002,2024-12-21,53,3.13,SHP00830,95,0.059,900000,47700000,106000,47594000,1,20241221
